Using pre-set license
Built from '2020.3/release' branch; Version is '2020.3.15f2 (6cf78cb77498) revision 7141260'; Using compiler version '192528614'; Build Type 'Release'
OS: 'Windows 10 Education; OS build 22631.4317; Version 2009; 64bit' Language: 'en' Physical Memory: 32687 MB
BatchMode: 1, IsHumanControllingUs: 0, StartBugReporterOnCrash: 0, Is64bit: 1, IsPro: 0

 COMMAND LINE ARGUMENTS:
C:\Program Files\Unity\Hub\Editor\2020.3.15f2\Editor\Unity.exe
-adb2
-batchMode
-noUpm
-name
AssetImportWorker0
-projectPath
D:/MButler Github/MissionDemolition/Mission Demolition
-logFile
Logs/AssetImportWorker0.log
-srvPort
50588
Successfully changed project path to: D:/MButler Github/MissionDemolition/Mission Demolition
D:/MButler Github/MissionDemolition/Mission Demolition
Using Asset Import Pipeline V2.
Refreshing native plugins compatible for Editor in 18.77 ms, found 2 plugins.
Preloading 0 native plugins for Editor in 0.00 ms.
Initialize engine version: 2020.3.15f2 (6cf78cb77498)
[Subsystems] Discovering subsystems at path C:/Program Files/Unity/Hub/Editor/2020.3.15f2/Editor/Data/Resources/UnitySubsystems
[Subsystems] Discovering subsystems at path D:/MButler Github/MissionDemolition/Mission Demolition/Assets
GfxDevice: creating device client; threaded=0
Direct3D:
    Version:  Direct3D 11.0 [level 11.1]
    Renderer: AMD Radeon RX 6800 XT (ID=0x73bf)
    Vendor:   
    VRAM:     16338 MB
    Driver:   32.0.11012.8
Initialize mono
Mono path[0] = 'C:/Program Files/Unity/Hub/Editor/2020.3.15f2/Editor/Data/Managed'
Mono path[1] = 'C:/Program Files/Unity/Hub/Editor/2020.3.15f2/Editor/Data/MonoBleedingEdge/lib/mono/unityjit'
Mono config path = 'C:/Program Files/Unity/Hub/Editor/2020.3.15f2/Editor/Data/MonoBleedingEdge/etc'
Using monoOptions --debugger-agent=transport=dt_socket,embedding=1,server=y,suspend=n,address=127.0.0.1:56136
Begin MonoManager ReloadAssembly
Registering precompiled unity dll's ...
Register platform support module: C:/Program Files/Unity/Hub/Editor/2020.3.15f2/Editor/Data/PlaybackEngines/WebGLSupport/UnityEditor.WebGL.Extensions.dll
Register platform support module: C:/Program Files/Unity/Hub/Editor/2020.3.15f2/Editor/Data/PlaybackEngines/WindowsStandaloneSupport/UnityEditor.WindowsStandalone.Extensions.dll
Registered in 0.001445 seconds.
Native extension for WindowsStandalone target not found
Native extension for WebGL target not found
Refreshing native plugins compatible for Editor in 17.51 ms, found 2 plugins.
Preloading 0 native plugins for Editor in 0.00 ms.
Mono: successfully reloaded assembly
- Completed reload, in  0.738 seconds
Domain Reload Profiling:
	ReloadAssembly (738ms)
		BeginReloadAssembly (35ms)
			ExecutionOrderSort (0ms)
			DisableScriptedObjects (0ms)
			BackupInstance (0ms)
			ReleaseScriptingObjects (0ms)
			CreateAndSetChildDomain (0ms)
		EndReloadAssembly (255ms)
			LoadAssemblies (33ms)
			RebuildTransferFunctionScriptingTraits (0ms)
			SetupTypeCache (89ms)
			ReleaseScriptCaches (0ms)
			RebuildScriptCaches (19ms)
			SetupLoadedEditorAssemblies (98ms)
				LogAssemblyErrors (0ms)
				InitializePlatformSupportModulesInManaged (3ms)
				SetLoadedEditorAssemblies (0ms)
				RefreshPlugins (18ms)
				BeforeProcessingInitializeOnLoad (7ms)
				ProcessInitializeOnLoadAttributes (53ms)
				ProcessInitializeOnLoadMethodAttributes (16ms)
				AfterProcessingInitializeOnLoad (0ms)
				EditorAssembliesLoaded (0ms)
			ExecutionOrderSort2 (0ms)
			AwakeInstancesAfterBackupRestoration (0ms)
Platform modules already initialized, skipping
Registering precompiled user dll's ...
Registered in 0.001411 seconds.
Begin MonoManager ReloadAssembly
Native extension for WindowsStandalone target not found
Native extension for WebGL target not found
Refreshing native plugins compatible for Editor in 0.30 ms, found 2 plugins.
Preloading 0 native plugins for Editor in 0.00 ms.
Mono: successfully reloaded assembly
- Completed reload, in  0.609 seconds
Domain Reload Profiling:
	ReloadAssembly (610ms)
		BeginReloadAssembly (89ms)
			ExecutionOrderSort (0ms)
			DisableScriptedObjects (3ms)
			BackupInstance (0ms)
			ReleaseScriptingObjects (0ms)
			CreateAndSetChildDomain (15ms)
		EndReloadAssembly (483ms)
			LoadAssemblies (52ms)
			RebuildTransferFunctionScriptingTraits (0ms)
			SetupTypeCache (158ms)
			ReleaseScriptCaches (0ms)
			RebuildScriptCaches (25ms)
			SetupLoadedEditorAssemblies (193ms)
				LogAssemblyErrors (0ms)
				InitializePlatformSupportModulesInManaged (4ms)
				SetLoadedEditorAssemblies (0ms)
				RefreshPlugins (0ms)
				BeforeProcessingInitializeOnLoad (46ms)
				ProcessInitializeOnLoadAttributes (136ms)
				ProcessInitializeOnLoadMethodAttributes (3ms)
				AfterProcessingInitializeOnLoad (4ms)
				EditorAssembliesLoaded (0ms)
			ExecutionOrderSort2 (0ms)
			AwakeInstancesAfterBackupRestoration (4ms)
Platform modules already initialized, skipping
========================================================================
Worker process is ready to serve import requests
Launched and connected shader compiler UnityShaderCompiler.exe after 0.04 seconds
Refreshing native plugins compatible for Editor in 0.28 ms, found 2 plugins.
Preloading 0 native plugins for Editor in 0.00 ms.
Unloading 1322 Unused Serialized files (Serialized files now loaded: 0)
System memory in use before: 63.2 MB.
System memory in use after: 63.2 MB.

Unloading 16 unused Assets to reduce memory usage. Loaded Objects now: 1759.
Total: 1.504900 ms (FindLiveObjects: 0.134900 ms CreateObjectMapping: 0.031100 ms MarkObjects: 1.292300 ms  DeleteObjects: 0.045900 ms)

AssetImportParameters requested are different than current active one (requested -> active):
  custom:framework-win-MediaFoundation: 216162199b28c13a410421893ffa2e32 -> 
  custom:video-decoder-ogg-theora: a1e56fd34408186e4bbccfd4996cb3dc -> 
  custom:container-muxer-webm: aa71ff27fc2769a1b78a27578f13a17b -> 
  custom:container-demuxer-webm: 4f35f7cbe854078d1ac9338744f61a02 -> 
  custom:container-demuxer-ogg: 62fdf1f143b41e24485cea50d1cbac27 -> 
  custom:video-encoder-webm-vp8: eb34c28f22e8b96e1ab97ce403110664 -> 
  custom:video-codec-MediaFoundation-h265: 746d11721c4dcdbdad8f713fa42b33f4 -> 
  custom:video-decoder-webm-vp8: 9c59270c3fd7afecdb556c50c9e8de78 -> 
  custom:audio-decoder-ogg-vorbis: bf7c407c2cedff20999df2af8eb42d56 -> 
  custom:audio-encoder-webm-vorbis: bf7c407c2cedff20999df2af8eb42d56 -> 
========================================================================
Received Import Request.
  path: Assets/Prefabs/ProjectileLine.prefab
  artifactKey: Guid(b5ffde92e24894645a10837f0e77929f) Importer(815301076,1909f56bfc062723c751e8b465ee728b)
Start importing Assets/Prefabs/ProjectileLine.prefab using Guid(b5ffde92e24894645a10837f0e77929f) Importer(815301076,1909f56bfc062723c751e8b465ee728b)  -> (artifact id: 'c363845432a881fcd7ca9bab8bdba08d') in 0.093881 seconds 
  Import took 0.095717 seconds .

========================================================================
Received Import Request.
  Time since last request: 0.000220 seconds.
  path: Assets/Prefabs/Castle.prefab
  artifactKey: Guid(db4a1ba574fb63e41b2c8d00856efead) Importer(815301076,1909f56bfc062723c751e8b465ee728b)
Start importing Assets/Prefabs/Castle.prefab using Guid(db4a1ba574fb63e41b2c8d00856efead) Importer(815301076,1909f56bfc062723c751e8b465ee728b)  -> (artifact id: '2cae520e748590a4ce13496546a12c9c') in 0.139875 seconds 
  Import took 0.142049 seconds .

========================================================================
Received Import Request.
  Time since last request: 0.000167 seconds.
  path: Assets/Prefabs/Goal.prefab
  artifactKey: Guid(6138feda7d52c6b4881152bd8c5a2407) Importer(815301076,1909f56bfc062723c751e8b465ee728b)
Start importing Assets/Prefabs/Goal.prefab using Guid(6138feda7d52c6b4881152bd8c5a2407) Importer(815301076,1909f56bfc062723c751e8b465ee728b)  -> (artifact id: '61edffa52e9d4851de7a669319469bcf') in 0.009938 seconds 
  Import took 0.011498 seconds .

========================================================================
Received Import Request.
  Time since last request: 0.000214 seconds.
  path: Assets/Prefabs/projectile.prefab
  artifactKey: Guid(3592c812ed6b73948858debcc3b65e85) Importer(815301076,1909f56bfc062723c751e8b465ee728b)
Start importing Assets/Prefabs/projectile.prefab using Guid(3592c812ed6b73948858debcc3b65e85) Importer(815301076,1909f56bfc062723c751e8b465ee728b)  -> (artifact id: '2ef84062935ea4689e8cb228ecb8f643') in 0.010825 seconds 
  Import took 0.012817 seconds .

========================================================================
Received Import Request.
  Time since last request: 0.000161 seconds.
  path: Assets/Prefabs/Goal.prefab
  artifactKey: Guid(6138feda7d52c6b4881152bd8c5a2407) Importer(815301076,1909f56bfc062723c751e8b465ee728b)
Start importing Assets/Prefabs/Goal.prefab using Guid(6138feda7d52c6b4881152bd8c5a2407) Importer(815301076,1909f56bfc062723c751e8b465ee728b)  -> (artifact id: '61edffa52e9d4851de7a669319469bcf') in 0.005119 seconds 
  Import took 0.006527 seconds .

========================================================================
Received Import Request.
  Time since last request: 0.000158 seconds.
  path: Assets/Prefabs/projectile.prefab
  artifactKey: Guid(3592c812ed6b73948858debcc3b65e85) Importer(815301076,1909f56bfc062723c751e8b465ee728b)
Start importing Assets/Prefabs/projectile.prefab using Guid(3592c812ed6b73948858debcc3b65e85) Importer(815301076,1909f56bfc062723c751e8b465ee728b)  -> (artifact id: '2ef84062935ea4689e8cb228ecb8f643') in 0.005657 seconds 
  Import took 0.007280 seconds .

========================================================================
Received Import Request.
  Time since last request: 0.000151 seconds.
  path: Assets/Prefabs/Slab.prefab
  artifactKey: Guid(f5451dcd36cb8dc45b8406c3ab105ced) Importer(815301076,1909f56bfc062723c751e8b465ee728b)
Start importing Assets/Prefabs/Slab.prefab using Guid(f5451dcd36cb8dc45b8406c3ab105ced) Importer(815301076,1909f56bfc062723c751e8b465ee728b)  -> (artifact id: 'c0132d87f82bf302b164f59753a3823c') in 0.010185 seconds 
  Import took 0.011711 seconds .

========================================================================
Received Import Request.
  Time since last request: 0.000160 seconds.
  path: Assets/Prefabs/Wall (1).prefab
  artifactKey: Guid(881e1e22acfede141ad544fefc1365f6) Importer(815301076,1909f56bfc062723c751e8b465ee728b)
Start importing Assets/Prefabs/Wall (1).prefab using Guid(881e1e22acfede141ad544fefc1365f6) Importer(815301076,1909f56bfc062723c751e8b465ee728b)  -> (artifact id: '108354209ef0bb1576dbb3f2cd68b3b8') in 0.017677 seconds 
  Import took 0.019192 seconds .

========================================================================
Received Prepare
Registering precompiled user dll's ...
Registered in 0.001369 seconds.
Begin MonoManager ReloadAssembly
Native extension for WindowsStandalone target not found
Native extension for WebGL target not found
Refreshing native plugins compatible for Editor in 0.27 ms, found 2 plugins.
Preloading 0 native plugins for Editor in 0.00 ms.
Mono: successfully reloaded assembly
- Completed reload, in  0.581 seconds
Domain Reload Profiling:
	ReloadAssembly (581ms)
		BeginReloadAssembly (78ms)
			ExecutionOrderSort (0ms)
			DisableScriptedObjects (3ms)
			BackupInstance (0ms)
			ReleaseScriptingObjects (0ms)
			CreateAndSetChildDomain (24ms)
		EndReloadAssembly (463ms)
			LoadAssemblies (53ms)
			RebuildTransferFunctionScriptingTraits (0ms)
			SetupTypeCache (154ms)
			ReleaseScriptCaches (1ms)
			RebuildScriptCaches (23ms)
			SetupLoadedEditorAssemblies (177ms)
				LogAssemblyErrors (0ms)
				InitializePlatformSupportModulesInManaged (4ms)
				SetLoadedEditorAssemblies (0ms)
				RefreshPlugins (0ms)
				BeforeProcessingInitializeOnLoad (44ms)
				ProcessInitializeOnLoadAttributes (122ms)
				ProcessInitializeOnLoadMethodAttributes (2ms)
				AfterProcessingInitializeOnLoad (4ms)
				EditorAssembliesLoaded (0ms)
			ExecutionOrderSort2 (0ms)
			AwakeInstancesAfterBackupRestoration (4ms)
Platform modules already initialized, skipping
Refreshing native plugins compatible for Editor in 0.27 ms, found 2 plugins.
Preloading 0 native plugins for Editor in 0.00 ms.
Unloading 1316 Unused Serialized files (Serialized files now loaded: 0)
System memory in use before: 66.2 MB.
System memory in use after: 66.3 MB.

Unloading 13 unused Assets to reduce memory usage. Loaded Objects now: 1771.
Total: 1.561800 ms (FindLiveObjects: 0.127500 ms CreateObjectMapping: 0.029100 ms MarkObjects: 1.385000 ms  DeleteObjects: 0.019300 ms)

AssetImportParameters requested are different than current active one (requested -> active):
  custom:framework-win-MediaFoundation: 216162199b28c13a410421893ffa2e32 -> 
  custom:video-decoder-ogg-theora: a1e56fd34408186e4bbccfd4996cb3dc -> 
  custom:container-muxer-webm: aa71ff27fc2769a1b78a27578f13a17b -> 
  custom:container-demuxer-webm: 4f35f7cbe854078d1ac9338744f61a02 -> 
  custom:container-demuxer-ogg: 62fdf1f143b41e24485cea50d1cbac27 -> 
  custom:video-encoder-webm-vp8: eb34c28f22e8b96e1ab97ce403110664 -> 
  custom:video-codec-MediaFoundation-h265: 746d11721c4dcdbdad8f713fa42b33f4 -> 
  custom:video-decoder-webm-vp8: 9c59270c3fd7afecdb556c50c9e8de78 -> 
  custom:audio-decoder-ogg-vorbis: bf7c407c2cedff20999df2af8eb42d56 -> 
  custom:audio-encoder-webm-vorbis: bf7c407c2cedff20999df2af8eb42d56 -> 
========================================================================
Received Import Request.
  Time since last request: 160.017948 seconds.
  path: Assets/Scripts/RigidBodySleep.cs
  artifactKey: Guid(41772aa2531464b4092500e4475b6150) Importer(815301076,1909f56bfc062723c751e8b465ee728b)
Start importing Assets/Scripts/RigidBodySleep.cs using Guid(41772aa2531464b4092500e4475b6150) Importer(815301076,1909f56bfc062723c751e8b465ee728b)  -> (artifact id: 'dc5f1d768a4dbd2acac9a04324ff01a5') in 0.012342 seconds 
  Import took 0.014272 seconds .

========================================================================
Received Import Request.
  Time since last request: 1.462351 seconds.
  path: Assets/Scripts/ProjectileLine.cs
  artifactKey: Guid(3d0aa58be488f78419bb0f6e73e3cd83) Importer(815301076,1909f56bfc062723c751e8b465ee728b)
Start importing Assets/Scripts/ProjectileLine.cs using Guid(3d0aa58be488f78419bb0f6e73e3cd83) Importer(815301076,1909f56bfc062723c751e8b465ee728b)  -> (artifact id: 'fa8fadba4c040a93b529bb0bbf3b5fab') in 0.007018 seconds 
  Import took 0.008843 seconds .

========================================================================
Received Import Request.
  Time since last request: 2.920873 seconds.
  path: Assets/Textures & Sprites/cloud1.png
  artifactKey: Guid(836deea52461f435ea72f5dcb31f1291) Importer(815301076,1909f56bfc062723c751e8b465ee728b)
Start importing Assets/Textures & Sprites/cloud1.png using Guid(836deea52461f435ea72f5dcb31f1291) Importer(815301076,1909f56bfc062723c751e8b465ee728b)  -> (artifact id: 'd49a951dc1f49097d7e0fda73d0ba210') in 0.041348 seconds 
  Import took 0.043165 seconds .

========================================================================
Received Import Request.
  Time since last request: 0.000166 seconds.
  path: Assets/Textures & Sprites/cloud2.png
  artifactKey: Guid(d5a2e889065f049d9ac9be3e93fd13a3) Importer(815301076,1909f56bfc062723c751e8b465ee728b)
Start importing Assets/Textures & Sprites/cloud2.png using Guid(d5a2e889065f049d9ac9be3e93fd13a3) Importer(815301076,1909f56bfc062723c751e8b465ee728b)  -> (artifact id: 'acd36811267ae43131a96aa828d254d6') in 0.010624 seconds 
  Import took 0.012212 seconds .

========================================================================
Received Import Request.
  Time since last request: 0.000177 seconds.
  path: Assets/Textures & Sprites/cloud5.png
  artifactKey: Guid(acc5f0fd7462e4c4894ab0ad7ede1b6f) Importer(815301076,1909f56bfc062723c751e8b465ee728b)
Start importing Assets/Textures & Sprites/cloud5.png using Guid(acc5f0fd7462e4c4894ab0ad7ede1b6f) Importer(815301076,1909f56bfc062723c751e8b465ee728b)  -> (artifact id: 'bc34a95b66b1489c05ed636b737cbd57') in 0.010891 seconds 
  Import took 0.012711 seconds .

========================================================================
Received Import Request.
  Time since last request: 0.000169 seconds.
  path: Assets/Textures & Sprites/cloud3.png
  artifactKey: Guid(6311b30bd3ef5453e9a60de06899db4c) Importer(815301076,1909f56bfc062723c751e8b465ee728b)
Start importing Assets/Textures & Sprites/cloud3.png using Guid(6311b30bd3ef5453e9a60de06899db4c) Importer(815301076,1909f56bfc062723c751e8b465ee728b)  -> (artifact id: '94d07eb20c53bca4b94abda0512f834d') in 0.010998 seconds 
  Import took 0.012882 seconds .

========================================================================
Received Import Request.
  Time since last request: 0.000191 seconds.
  path: Assets/Textures & Sprites/cloud4.png
  artifactKey: Guid(96e56f4fcfe4d417f8ff4d59b24b162a) Importer(815301076,1909f56bfc062723c751e8b465ee728b)
Start importing Assets/Textures & Sprites/cloud4.png using Guid(96e56f4fcfe4d417f8ff4d59b24b162a) Importer(815301076,1909f56bfc062723c751e8b465ee728b)  -> (artifact id: 'caac57e285d9bb959e62b01008024c1d') in 0.010290 seconds 
  Import took 0.012235 seconds .

========================================================================
Received Import Request.
  Time since last request: 0.000169 seconds.
  path: Assets/Textures & Sprites/cloud3.png
  artifactKey: Guid(6311b30bd3ef5453e9a60de06899db4c) Importer(815301076,1909f56bfc062723c751e8b465ee728b)
Start importing Assets/Textures & Sprites/cloud3.png using Guid(6311b30bd3ef5453e9a60de06899db4c) Importer(815301076,1909f56bfc062723c751e8b465ee728b)  -> (artifact id: '94d07eb20c53bca4b94abda0512f834d') in 0.012304 seconds 
  Import took 0.014144 seconds .

========================================================================
Received Import Request.
  Time since last request: 0.000152 seconds.
  path: Assets/Textures & Sprites/cloud4.png
  artifactKey: Guid(96e56f4fcfe4d417f8ff4d59b24b162a) Importer(815301076,1909f56bfc062723c751e8b465ee728b)
Start importing Assets/Textures & Sprites/cloud4.png using Guid(96e56f4fcfe4d417f8ff4d59b24b162a) Importer(815301076,1909f56bfc062723c751e8b465ee728b)  -> (artifact id: 'caac57e285d9bb959e62b01008024c1d') in 0.012481 seconds 
  Import took 0.013942 seconds .

========================================================================
Received Import Request.
  Time since last request: 0.772324 seconds.
  path: Assets/Materials/mat_goal.mat
  artifactKey: Guid(385397d916022a144bed2e91e0f99d8b) Importer(815301076,1909f56bfc062723c751e8b465ee728b)
Start importing Assets/Materials/mat_goal.mat using Guid(385397d916022a144bed2e91e0f99d8b) Importer(815301076,1909f56bfc062723c751e8b465ee728b)  -> (artifact id: '669115ee90a2fc92b30bc7434d200aa3') in 0.081472 seconds 
  Import took 0.083407 seconds .

========================================================================
Received Import Request.
  Time since last request: 0.000164 seconds.
  path: Assets/Materials/mat_projectile.mat
  artifactKey: Guid(a34a043c3f6d5674f83e3fc63a7f475d) Importer(815301076,1909f56bfc062723c751e8b465ee728b)
Start importing Assets/Materials/mat_projectile.mat using Guid(a34a043c3f6d5674f83e3fc63a7f475d) Importer(815301076,1909f56bfc062723c751e8b465ee728b)  -> (artifact id: '78660f432461e172288990265cfbddf5') in 0.010689 seconds 
  Import took 0.012206 seconds .

========================================================================
Received Import Request.
  Time since last request: 0.000152 seconds.
  path: Assets/Materials/mat_stone.mat
  artifactKey: Guid(ef6dda24066e1374296c8f660c1d24be) Importer(815301076,1909f56bfc062723c751e8b465ee728b)
Start importing Assets/Materials/mat_stone.mat using Guid(ef6dda24066e1374296c8f660c1d24be) Importer(815301076,1909f56bfc062723c751e8b465ee728b)  -> (artifact id: '97747110974379c22354e617141ff614') in 0.010567 seconds 
  Import took 0.012112 seconds .

========================================================================
Received Import Request.
  Time since last request: 0.000156 seconds.
  path: Assets/Materials/PhysMat_Projectile.physicMaterial
  artifactKey: Guid(73d1fc26419f6e74889575ca50559674) Importer(815301076,1909f56bfc062723c751e8b465ee728b)
Start importing Assets/Materials/PhysMat_Projectile.physicMaterial using Guid(73d1fc26419f6e74889575ca50559674) Importer(815301076,1909f56bfc062723c751e8b465ee728b)  -> (artifact id: 'f7369db9bf5d2519709fcc93372011ef') in 0.007528 seconds 
  Import took 0.009221 seconds .

========================================================================
Received Import Request.
  Time since last request: 0.000171 seconds.
  path: Assets/Materials/mat_ground.mat
  artifactKey: Guid(3433ef2d0d806d746a79d14eeb8cccf0) Importer(815301076,1909f56bfc062723c751e8b465ee728b)
Start importing Assets/Materials/mat_ground.mat using Guid(3433ef2d0d806d746a79d14eeb8cccf0) Importer(815301076,1909f56bfc062723c751e8b465ee728b)  -> (artifact id: 'c25c0463ad990a1bf1024591fcc7a285') in 0.010207 seconds 
  Import took 0.012068 seconds .

========================================================================
Received Import Request.
  Time since last request: 0.000157 seconds.
  path: Assets/Materials/mat_slingshot.mat
  artifactKey: Guid(43e13628b39e0e742b5dd92964a66565) Importer(815301076,1909f56bfc062723c751e8b465ee728b)
Start importing Assets/Materials/mat_slingshot.mat using Guid(43e13628b39e0e742b5dd92964a66565) Importer(815301076,1909f56bfc062723c751e8b465ee728b)  -> (artifact id: '9f392cd75c122d2be2705a1600a4da87') in 0.010371 seconds 
  Import took 0.011995 seconds .

========================================================================
Received Import Request.
  Time since last request: 0.003638 seconds.
  path: Assets/Materials/mat_slingshot.mat
  artifactKey: Guid(43e13628b39e0e742b5dd92964a66565) Importer(815301076,1909f56bfc062723c751e8b465ee728b)
Start importing Assets/Materials/mat_slingshot.mat using Guid(43e13628b39e0e742b5dd92964a66565) Importer(815301076,1909f56bfc062723c751e8b465ee728b)  -> (artifact id: '9f392cd75c122d2be2705a1600a4da87') in 0.010320 seconds 
  Import took 0.011937 seconds .

========================================================================
Received Import Request.
  Time since last request: 5.647894 seconds.
  path: Assets/Prefabs/ProjectileLine.prefab
  artifactKey: Guid(b5ffde92e24894645a10837f0e77929f) Importer(815301076,1909f56bfc062723c751e8b465ee728b)
Start importing Assets/Prefabs/ProjectileLine.prefab using Guid(b5ffde92e24894645a10837f0e77929f) Importer(815301076,1909f56bfc062723c751e8b465ee728b)  -> (artifact id: '5bff79dd242ba1ce20e0423c5d4a6c47') in 0.016627 seconds 
  Import took 0.018632 seconds .

========================================================================
Received Import Request.
  Time since last request: 2.554020 seconds.
  path: Assets/Scenes
  artifactKey: Guid(aedf183220921e448964e0e752a0a833) Importer(815301076,1909f56bfc062723c751e8b465ee728b)
Start importing Assets/Scenes using Guid(aedf183220921e448964e0e752a0a833) Importer(815301076,1909f56bfc062723c751e8b465ee728b)  -> (artifact id: '0c3a03ddd41ba9d7ec6272dd578aaa51') in 0.007082 seconds 
  Import took 0.008837 seconds .

========================================================================
Received Import Request.
  Time since last request: 1.515835 seconds.
  path: Assets/Scripts
  artifactKey: Guid(3289bee27fcfacb47bfdf0bb266e93df) Importer(815301076,1909f56bfc062723c751e8b465ee728b)
Start importing Assets/Scripts using Guid(3289bee27fcfacb47bfdf0bb266e93df) Importer(815301076,1909f56bfc062723c751e8b465ee728b)  -> (artifact id: '90fb69c288aaba9e31857207e78289fa') in 0.007106 seconds 
  Import took 0.008866 seconds .

========================================================================
Received Import Request.
  Time since last request: 6.793686 seconds.
  path: Assets/Scripts/Goal.cs
  artifactKey: Guid(924cb929f2d58b146bde9877ac90de1c) Importer(815301076,1909f56bfc062723c751e8b465ee728b)
Start importing Assets/Scripts/Goal.cs using Guid(924cb929f2d58b146bde9877ac90de1c) Importer(815301076,1909f56bfc062723c751e8b465ee728b)  -> (artifact id: '1269d42d06f3b7890643dcd98bbae05b') in 0.001702 seconds 
  Import took 0.003748 seconds .

========================================================================
Received Prepare
Registering precompiled user dll's ...
Registered in 0.001341 seconds.
Begin MonoManager ReloadAssembly
Native extension for WindowsStandalone target not found
Native extension for WebGL target not found
Refreshing native plugins compatible for Editor in 0.27 ms, found 2 plugins.
Preloading 0 native plugins for Editor in 0.00 ms.
Mono: successfully reloaded assembly
- Completed reload, in  0.564 seconds
Domain Reload Profiling:
	ReloadAssembly (564ms)
		BeginReloadAssembly (70ms)
			ExecutionOrderSort (0ms)
			DisableScriptedObjects (2ms)
			BackupInstance (0ms)
			ReleaseScriptingObjects (0ms)
			CreateAndSetChildDomain (23ms)
		EndReloadAssembly (456ms)
			LoadAssemblies (51ms)
			RebuildTransferFunctionScriptingTraits (0ms)
			SetupTypeCache (157ms)
			ReleaseScriptCaches (1ms)
			RebuildScriptCaches (22ms)
			SetupLoadedEditorAssemblies (170ms)
				LogAssemblyErrors (0ms)
				InitializePlatformSupportModulesInManaged (4ms)
				SetLoadedEditorAssemblies (0ms)
				RefreshPlugins (0ms)
				BeforeProcessingInitializeOnLoad (42ms)
				ProcessInitializeOnLoadAttributes (117ms)
				ProcessInitializeOnLoadMethodAttributes (2ms)
				AfterProcessingInitializeOnLoad (4ms)
				EditorAssembliesLoaded (0ms)
			ExecutionOrderSort2 (0ms)
			AwakeInstancesAfterBackupRestoration (4ms)
Platform modules already initialized, skipping
Refreshing native plugins compatible for Editor in 0.17 ms, found 2 plugins.
Preloading 0 native plugins for Editor in 0.00 ms.
Unloading 1317 Unused Serialized files (Serialized files now loaded: 0)
System memory in use before: 66.5 MB.
System memory in use after: 66.7 MB.

Unloading 12 unused Assets to reduce memory usage. Loaded Objects now: 1816.
Total: 1.381100 ms (FindLiveObjects: 0.112600 ms CreateObjectMapping: 0.030000 ms MarkObjects: 1.223300 ms  DeleteObjects: 0.014600 ms)

AssetImportParameters requested are different than current active one (requested -> active):
  custom:framework-win-MediaFoundation: 216162199b28c13a410421893ffa2e32 -> 
  custom:video-decoder-ogg-theora: a1e56fd34408186e4bbccfd4996cb3dc -> 
  custom:container-muxer-webm: aa71ff27fc2769a1b78a27578f13a17b -> 
  custom:container-demuxer-webm: 4f35f7cbe854078d1ac9338744f61a02 -> 
  custom:container-demuxer-ogg: 62fdf1f143b41e24485cea50d1cbac27 -> 
  custom:video-encoder-webm-vp8: eb34c28f22e8b96e1ab97ce403110664 -> 
  custom:video-codec-MediaFoundation-h265: 746d11721c4dcdbdad8f713fa42b33f4 -> 
  custom:video-decoder-webm-vp8: 9c59270c3fd7afecdb556c50c9e8de78 -> 
  custom:audio-decoder-ogg-vorbis: bf7c407c2cedff20999df2af8eb42d56 -> 
  custom:audio-encoder-webm-vorbis: bf7c407c2cedff20999df2af8eb42d56 -> 
========================================================================
Received Import Request.
  Time since last request: 16.428956 seconds.
  path: Assets/Prefabs/Castle.prefab
  artifactKey: Guid(db4a1ba574fb63e41b2c8d00856efead) Importer(815301076,1909f56bfc062723c751e8b465ee728b)
Start importing Assets/Prefabs/Castle.prefab using Guid(db4a1ba574fb63e41b2c8d00856efead) Importer(815301076,1909f56bfc062723c751e8b465ee728b)  -> (artifact id: '0f4d0d50b9e52ae0d90138baef390911') in 0.040435 seconds 
  Import took 0.042683 seconds .

========================================================================
Received Import Request.
  Time since last request: 0.000198 seconds.
  path: Assets/Prefabs/Goal.prefab
  artifactKey: Guid(6138feda7d52c6b4881152bd8c5a2407) Importer(815301076,1909f56bfc062723c751e8b465ee728b)
Start importing Assets/Prefabs/Goal.prefab using Guid(6138feda7d52c6b4881152bd8c5a2407) Importer(815301076,1909f56bfc062723c751e8b465ee728b)  -> (artifact id: 'e9f6d9d84abaf8d24cf006f4462b8eed') in 0.005615 seconds 
  Import took 0.007447 seconds .

========================================================================
Received Import Request.
  Time since last request: 278.900207 seconds.
  path: Assets/Scripts/Goal.cs
  artifactKey: Guid(924cb929f2d58b146bde9877ac90de1c) Importer(815301076,1909f56bfc062723c751e8b465ee728b)
Start importing Assets/Scripts/Goal.cs using Guid(924cb929f2d58b146bde9877ac90de1c) Importer(815301076,1909f56bfc062723c751e8b465ee728b)  -> (artifact id: '96e702acff6e44e25f972947fa0bb6c3') in 0.007464 seconds 
  Import took 0.009500 seconds .

========================================================================
Received Prepare
Registering precompiled user dll's ...
Registered in 0.042084 seconds.
Begin MonoManager ReloadAssembly
Native extension for WindowsStandalone target not found
Native extension for WebGL target not found
Refreshing native plugins compatible for Editor in 0.27 ms, found 2 plugins.
Preloading 0 native plugins for Editor in 0.00 ms.
Mono: successfully reloaded assembly
- Completed reload, in  0.590 seconds
Domain Reload Profiling:
	ReloadAssembly (590ms)
		BeginReloadAssembly (75ms)
			ExecutionOrderSort (0ms)
			DisableScriptedObjects (3ms)
			BackupInstance (0ms)
			ReleaseScriptingObjects (0ms)
			CreateAndSetChildDomain (23ms)
		EndReloadAssembly (475ms)
			LoadAssemblies (52ms)
			RebuildTransferFunctionScriptingTraits (0ms)
			SetupTypeCache (152ms)
			ReleaseScriptCaches (1ms)
			RebuildScriptCaches (21ms)
			SetupLoadedEditorAssemblies (194ms)
				LogAssemblyErrors (0ms)
				InitializePlatformSupportModulesInManaged (4ms)
				SetLoadedEditorAssemblies (0ms)
				RefreshPlugins (0ms)
				BeforeProcessingInitializeOnLoad (43ms)
				ProcessInitializeOnLoadAttributes (139ms)
				ProcessInitializeOnLoadMethodAttributes (3ms)
				AfterProcessingInitializeOnLoad (4ms)
				EditorAssembliesLoaded (0ms)
			ExecutionOrderSort2 (0ms)
			AwakeInstancesAfterBackupRestoration (5ms)
Platform modules already initialized, skipping
Refreshing native plugins compatible for Editor in 0.31 ms, found 2 plugins.
Preloading 0 native plugins for Editor in 0.00 ms.
Unloading 1317 Unused Serialized files (Serialized files now loaded: 0)
System memory in use before: 66.6 MB.
System memory in use after: 66.7 MB.

Unloading 12 unused Assets to reduce memory usage. Loaded Objects now: 1820.
Total: 1.839000 ms (FindLiveObjects: 0.159900 ms CreateObjectMapping: 0.035000 ms MarkObjects: 1.619800 ms  DeleteObjects: 0.023600 ms)

AssetImportParameters requested are different than current active one (requested -> active):
  custom:framework-win-MediaFoundation: 216162199b28c13a410421893ffa2e32 -> 
  custom:video-decoder-ogg-theora: a1e56fd34408186e4bbccfd4996cb3dc -> 
  custom:container-muxer-webm: aa71ff27fc2769a1b78a27578f13a17b -> 
  custom:container-demuxer-webm: 4f35f7cbe854078d1ac9338744f61a02 -> 
  custom:container-demuxer-ogg: 62fdf1f143b41e24485cea50d1cbac27 -> 
  custom:video-encoder-webm-vp8: eb34c28f22e8b96e1ab97ce403110664 -> 
  custom:video-codec-MediaFoundation-h265: 746d11721c4dcdbdad8f713fa42b33f4 -> 
  custom:video-decoder-webm-vp8: 9c59270c3fd7afecdb556c50c9e8de78 -> 
  custom:audio-decoder-ogg-vorbis: bf7c407c2cedff20999df2af8eb42d56 -> 
  custom:audio-encoder-webm-vorbis: bf7c407c2cedff20999df2af8eb42d56 -> 
========================================================================
Received Import Request.
  Time since last request: 409.598203 seconds.
  path: Assets/Prefabs/Castle.prefab
  artifactKey: Guid(db4a1ba574fb63e41b2c8d00856efead) Importer(815301076,1909f56bfc062723c751e8b465ee728b)
Start importing Assets/Prefabs/Castle.prefab using Guid(db4a1ba574fb63e41b2c8d00856efead) Importer(815301076,1909f56bfc062723c751e8b465ee728b)  -> (artifact id: 'a4b9a773af81527eb64c5dae1a04ab17') in 0.050985 seconds 
  Import took 0.053050 seconds .

========================================================================
Received Import Request.
  Time since last request: 0.000163 seconds.
  path: Assets/Prefabs/Goal.prefab
  artifactKey: Guid(6138feda7d52c6b4881152bd8c5a2407) Importer(815301076,1909f56bfc062723c751e8b465ee728b)
Start importing Assets/Prefabs/Goal.prefab using Guid(6138feda7d52c6b4881152bd8c5a2407) Importer(815301076,1909f56bfc062723c751e8b465ee728b)  -> (artifact id: 'cabd1aed594f2b11449bccf86e3d6af1') in 0.010223 seconds 
  Import took 0.011919 seconds .

========================================================================
Received Prepare
Registering precompiled user dll's ...
Registered in 0.001447 seconds.
Begin MonoManager ReloadAssembly
Native extension for WindowsStandalone target not found
Native extension for WebGL target not found
Refreshing native plugins compatible for Editor in 0.27 ms, found 2 plugins.
Preloading 0 native plugins for Editor in 0.00 ms.
Mono: successfully reloaded assembly
- Completed reload, in  0.575 seconds
Domain Reload Profiling:
	ReloadAssembly (575ms)
		BeginReloadAssembly (81ms)
			ExecutionOrderSort (0ms)
			DisableScriptedObjects (3ms)
			BackupInstance (0ms)
			ReleaseScriptingObjects (0ms)
			CreateAndSetChildDomain (23ms)
		EndReloadAssembly (456ms)
			LoadAssemblies (51ms)
			RebuildTransferFunctionScriptingTraits (0ms)
			SetupTypeCache (151ms)
			ReleaseScriptCaches (1ms)
			RebuildScriptCaches (21ms)
			SetupLoadedEditorAssemblies (180ms)
				LogAssemblyErrors (0ms)
				InitializePlatformSupportModulesInManaged (4ms)
				SetLoadedEditorAssemblies (0ms)
				RefreshPlugins (0ms)
				BeforeProcessingInitializeOnLoad (43ms)
				ProcessInitializeOnLoadAttributes (126ms)
				ProcessInitializeOnLoadMethodAttributes (2ms)
				AfterProcessingInitializeOnLoad (4ms)
				EditorAssembliesLoaded (0ms)
			ExecutionOrderSort2 (0ms)
			AwakeInstancesAfterBackupRestoration (4ms)
Platform modules already initialized, skipping
Refreshing native plugins compatible for Editor in 0.25 ms, found 2 plugins.
Preloading 0 native plugins for Editor in 0.00 ms.
Unloading 1317 Unused Serialized files (Serialized files now loaded: 0)
System memory in use before: 66.6 MB.
System memory in use after: 66.7 MB.

Unloading 12 unused Assets to reduce memory usage. Loaded Objects now: 1824.
Total: 1.479500 ms (FindLiveObjects: 0.116000 ms CreateObjectMapping: 0.027800 ms MarkObjects: 1.317500 ms  DeleteObjects: 0.017700 ms)

AssetImportParameters requested are different than current active one (requested -> active):
  custom:framework-win-MediaFoundation: 216162199b28c13a410421893ffa2e32 -> 
  custom:video-decoder-ogg-theora: a1e56fd34408186e4bbccfd4996cb3dc -> 
  custom:container-muxer-webm: aa71ff27fc2769a1b78a27578f13a17b -> 
  custom:container-demuxer-webm: 4f35f7cbe854078d1ac9338744f61a02 -> 
  custom:container-demuxer-ogg: 62fdf1f143b41e24485cea50d1cbac27 -> 
  custom:video-encoder-webm-vp8: eb34c28f22e8b96e1ab97ce403110664 -> 
  custom:video-codec-MediaFoundation-h265: 746d11721c4dcdbdad8f713fa42b33f4 -> 
  custom:video-decoder-webm-vp8: 9c59270c3fd7afecdb556c50c9e8de78 -> 
  custom:audio-decoder-ogg-vorbis: bf7c407c2cedff20999df2af8eb42d56 -> 
  custom:audio-encoder-webm-vorbis: bf7c407c2cedff20999df2af8eb42d56 -> 
========================================================================
Received Import Request.
  Time since last request: 5.970437 seconds.
  path: Assets/Prefabs/ProjectileLine.prefab
  artifactKey: Guid(b5ffde92e24894645a10837f0e77929f) Importer(815301076,1909f56bfc062723c751e8b465ee728b)
Start importing Assets/Prefabs/ProjectileLine.prefab using Guid(b5ffde92e24894645a10837f0e77929f) Importer(815301076,1909f56bfc062723c751e8b465ee728b)  -> (artifact id: '60c6050d6133848798d828fa4c776c52') in 0.038468 seconds 
  Import took 0.040558 seconds .

========================================================================
Received Import Request.
  Time since last request: 0.001117 seconds.
  path: Assets/Prefabs/ProjectileLine.prefab
  artifactKey: Guid(b5ffde92e24894645a10837f0e77929f) Importer(815301076,1909f56bfc062723c751e8b465ee728b)
Start importing Assets/Prefabs/ProjectileLine.prefab using Guid(b5ffde92e24894645a10837f0e77929f) Importer(815301076,1909f56bfc062723c751e8b465ee728b)  -> (artifact id: '60c6050d6133848798d828fa4c776c52') in 0.005572 seconds 
  Import took 0.007516 seconds .

========================================================================
Received Import Request.
  Time since last request: 0.501943 seconds.
  path: Assets/Prefabs/ProjectileLine.prefab
  artifactKey: Guid(b5ffde92e24894645a10837f0e77929f) Importer(815301076,1909f56bfc062723c751e8b465ee728b)
Start importing Assets/Prefabs/ProjectileLine.prefab using Guid(b5ffde92e24894645a10837f0e77929f) Importer(815301076,1909f56bfc062723c751e8b465ee728b)  -> (artifact id: '06ce91900094c5e864396ef721be7491') in 0.012145 seconds 
  Import took 0.014092 seconds .

========================================================================
Received Import Request.
  Time since last request: 1.803025 seconds.
  path: Assets/Prefabs/ProjectileLine.prefab
  artifactKey: Guid(b5ffde92e24894645a10837f0e77929f) Importer(815301076,1909f56bfc062723c751e8b465ee728b)
Start importing Assets/Prefabs/ProjectileLine.prefab using Guid(b5ffde92e24894645a10837f0e77929f) Importer(815301076,1909f56bfc062723c751e8b465ee728b)  -> (artifact id: '90585b5586981e2ead3028db368c4780') in 0.010882 seconds 
  Import took 0.012904 seconds .

========================================================================
Received Prepare
Registering precompiled user dll's ...
Registered in 0.001426 seconds.
Begin MonoManager ReloadAssembly
Native extension for WindowsStandalone target not found
Native extension for WebGL target not found
Refreshing native plugins compatible for Editor in 0.27 ms, found 2 plugins.
Preloading 0 native plugins for Editor in 0.00 ms.
Mono: successfully reloaded assembly
- Completed reload, in  0.580 seconds
Domain Reload Profiling:
	ReloadAssembly (581ms)
		BeginReloadAssembly (79ms)
			ExecutionOrderSort (0ms)
			DisableScriptedObjects (3ms)
			BackupInstance (0ms)
			ReleaseScriptingObjects (0ms)
			CreateAndSetChildDomain (21ms)
		EndReloadAssembly (464ms)
			LoadAssemblies (51ms)
			RebuildTransferFunctionScriptingTraits (0ms)
			SetupTypeCache (153ms)
			ReleaseScriptCaches (1ms)
			RebuildScriptCaches (21ms)
			SetupLoadedEditorAssemblies (181ms)
				LogAssemblyErrors (0ms)
				InitializePlatformSupportModulesInManaged (4ms)
				SetLoadedEditorAssemblies (0ms)
				RefreshPlugins (0ms)
				BeforeProcessingInitializeOnLoad (43ms)
				ProcessInitializeOnLoadAttributes (127ms)
				ProcessInitializeOnLoadMethodAttributes (2ms)
				AfterProcessingInitializeOnLoad (4ms)
				EditorAssembliesLoaded (0ms)
			ExecutionOrderSort2 (0ms)
			AwakeInstancesAfterBackupRestoration (4ms)
Platform modules already initialized, skipping
Refreshing native plugins compatible for Editor in 0.18 ms, found 2 plugins.
Preloading 0 native plugins for Editor in 0.00 ms.
Unloading 1317 Unused Serialized files (Serialized files now loaded: 0)
System memory in use before: 66.6 MB.
System memory in use after: 66.7 MB.

Unloading 12 unused Assets to reduce memory usage. Loaded Objects now: 1828.
Total: 1.391800 ms (FindLiveObjects: 0.103600 ms CreateObjectMapping: 0.029900 ms MarkObjects: 1.241800 ms  DeleteObjects: 0.015800 ms)

AssetImportParameters requested are different than current active one (requested -> active):
  custom:framework-win-MediaFoundation: 216162199b28c13a410421893ffa2e32 -> 
  custom:video-decoder-ogg-theora: a1e56fd34408186e4bbccfd4996cb3dc -> 
  custom:container-muxer-webm: aa71ff27fc2769a1b78a27578f13a17b -> 
  custom:container-demuxer-webm: 4f35f7cbe854078d1ac9338744f61a02 -> 
  custom:container-demuxer-ogg: 62fdf1f143b41e24485cea50d1cbac27 -> 
  custom:video-encoder-webm-vp8: eb34c28f22e8b96e1ab97ce403110664 -> 
  custom:video-codec-MediaFoundation-h265: 746d11721c4dcdbdad8f713fa42b33f4 -> 
  custom:video-decoder-webm-vp8: 9c59270c3fd7afecdb556c50c9e8de78 -> 
  custom:audio-decoder-ogg-vorbis: bf7c407c2cedff20999df2af8eb42d56 -> 
  custom:audio-encoder-webm-vorbis: bf7c407c2cedff20999df2af8eb42d56 -> 
========================================================================
Received Import Request.
  Time since last request: 22.589129 seconds.
  path: Assets/Prefabs/ProjectileLine.prefab
  artifactKey: Guid(b5ffde92e24894645a10837f0e77929f) Importer(815301076,1909f56bfc062723c751e8b465ee728b)
Start importing Assets/Prefabs/ProjectileLine.prefab using Guid(b5ffde92e24894645a10837f0e77929f) Importer(815301076,1909f56bfc062723c751e8b465ee728b)  -> (artifact id: '92c265a854ac23f801caff9d113ad8d5') in 0.037866 seconds 
  Import took 0.039690 seconds .

========================================================================
Received Prepare
Registering precompiled user dll's ...
Registered in 0.001609 seconds.
Begin MonoManager ReloadAssembly
Native extension for WindowsStandalone target not found
Native extension for WebGL target not found
Refreshing native plugins compatible for Editor in 0.27 ms, found 2 plugins.
Preloading 0 native plugins for Editor in 0.00 ms.
Mono: successfully reloaded assembly
- Completed reload, in  0.582 seconds
Domain Reload Profiling:
	ReloadAssembly (582ms)
		BeginReloadAssembly (78ms)
			ExecutionOrderSort (0ms)
			DisableScriptedObjects (3ms)
			BackupInstance (0ms)
			ReleaseScriptingObjects (0ms)
			CreateAndSetChildDomain (21ms)
		EndReloadAssembly (464ms)
			LoadAssemblies (52ms)
			RebuildTransferFunctionScriptingTraits (0ms)
			SetupTypeCache (155ms)
			ReleaseScriptCaches (1ms)
			RebuildScriptCaches (22ms)
			SetupLoadedEditorAssemblies (180ms)
				LogAssemblyErrors (0ms)
				InitializePlatformSupportModulesInManaged (4ms)
				SetLoadedEditorAssemblies (0ms)
				RefreshPlugins (0ms)
				BeforeProcessingInitializeOnLoad (43ms)
				ProcessInitializeOnLoadAttributes (127ms)
				ProcessInitializeOnLoadMethodAttributes (2ms)
				AfterProcessingInitializeOnLoad (4ms)
				EditorAssembliesLoaded (0ms)
			ExecutionOrderSort2 (0ms)
			AwakeInstancesAfterBackupRestoration (4ms)
Platform modules already initialized, skipping
Refreshing native plugins compatible for Editor in 0.16 ms, found 2 plugins.
Preloading 0 native plugins for Editor in 0.00 ms.
Unloading 1317 Unused Serialized files (Serialized files now loaded: 0)
System memory in use before: 66.6 MB.
System memory in use after: 66.7 MB.

Unloading 12 unused Assets to reduce memory usage. Loaded Objects now: 1832.
Total: 1.432200 ms (FindLiveObjects: 0.134900 ms CreateObjectMapping: 0.031900 ms MarkObjects: 1.249700 ms  DeleteObjects: 0.015300 ms)

AssetImportParameters requested are different than current active one (requested -> active):
  custom:framework-win-MediaFoundation: 216162199b28c13a410421893ffa2e32 -> 
  custom:video-decoder-ogg-theora: a1e56fd34408186e4bbccfd4996cb3dc -> 
  custom:container-muxer-webm: aa71ff27fc2769a1b78a27578f13a17b -> 
  custom:container-demuxer-webm: 4f35f7cbe854078d1ac9338744f61a02 -> 
  custom:container-demuxer-ogg: 62fdf1f143b41e24485cea50d1cbac27 -> 
  custom:video-encoder-webm-vp8: eb34c28f22e8b96e1ab97ce403110664 -> 
  custom:video-codec-MediaFoundation-h265: 746d11721c4dcdbdad8f713fa42b33f4 -> 
  custom:video-decoder-webm-vp8: 9c59270c3fd7afecdb556c50c9e8de78 -> 
  custom:audio-decoder-ogg-vorbis: bf7c407c2cedff20999df2af8eb42d56 -> 
  custom:audio-encoder-webm-vorbis: bf7c407c2cedff20999df2af8eb42d56 -> 
========================================================================
Received Import Request.
  Time since last request: 16.296533 seconds.
  path: Assets/Prefabs/ProjectileLine.prefab
  artifactKey: Guid(b5ffde92e24894645a10837f0e77929f) Importer(815301076,1909f56bfc062723c751e8b465ee728b)
Start importing Assets/Prefabs/ProjectileLine.prefab using Guid(b5ffde92e24894645a10837f0e77929f) Importer(815301076,1909f56bfc062723c751e8b465ee728b)  -> (artifact id: '5d68f82fdb280a17b8777d330f799870') in 0.039543 seconds 
  Import took 0.041328 seconds .

========================================================================
Received Import Request.
  Time since last request: 1.232920 seconds.
  path: Assets/Prefabs/ProjectileLine.prefab
  artifactKey: Guid(b5ffde92e24894645a10837f0e77929f) Importer(815301076,1909f56bfc062723c751e8b465ee728b)
Start importing Assets/Prefabs/ProjectileLine.prefab using Guid(b5ffde92e24894645a10837f0e77929f) Importer(815301076,1909f56bfc062723c751e8b465ee728b)  -> (artifact id: '5d68f82fdb280a17b8777d330f799870') in 0.006533 seconds 
  Import took 0.008431 seconds .

========================================================================
Received Prepare
Registering precompiled user dll's ...
Registered in 0.001824 seconds.
Begin MonoManager ReloadAssembly
Native extension for WindowsStandalone target not found
Native extension for WebGL target not found
Refreshing native plugins compatible for Editor in 0.32 ms, found 2 plugins.
Preloading 0 native plugins for Editor in 0.00 ms.
Mono: successfully reloaded assembly
- Completed reload, in  0.628 seconds
Domain Reload Profiling:
	ReloadAssembly (628ms)
		BeginReloadAssembly (82ms)
			ExecutionOrderSort (0ms)
			DisableScriptedObjects (3ms)
			BackupInstance (0ms)
			ReleaseScriptingObjects (0ms)
			CreateAndSetChildDomain (24ms)
		EndReloadAssembly (504ms)
			LoadAssemblies (54ms)
			RebuildTransferFunctionScriptingTraits (0ms)
			SetupTypeCache (161ms)
			ReleaseScriptCaches (1ms)
			RebuildScriptCaches (25ms)
			SetupLoadedEditorAssemblies (202ms)
				LogAssemblyErrors (0ms)
				InitializePlatformSupportModulesInManaged (5ms)
				SetLoadedEditorAssemblies (0ms)
				RefreshPlugins (0ms)
				BeforeProcessingInitializeOnLoad (49ms)
				ProcessInitializeOnLoadAttributes (140ms)
				ProcessInitializeOnLoadMethodAttributes (3ms)
				AfterProcessingInitializeOnLoad (5ms)
				EditorAssembliesLoaded (0ms)
			ExecutionOrderSort2 (0ms)
			AwakeInstancesAfterBackupRestoration (5ms)
Platform modules already initialized, skipping
Refreshing native plugins compatible for Editor in 0.25 ms, found 2 plugins.
Preloading 0 native plugins for Editor in 0.00 ms.
Unloading 1317 Unused Serialized files (Serialized files now loaded: 0)
System memory in use before: 66.7 MB.
System memory in use after: 66.8 MB.

Unloading 12 unused Assets to reduce memory usage. Loaded Objects now: 1836.
Total: 1.626900 ms (FindLiveObjects: 0.175000 ms CreateObjectMapping: 0.038200 ms MarkObjects: 1.396300 ms  DeleteObjects: 0.016800 ms)

AssetImportParameters requested are different than current active one (requested -> active):
  custom:framework-win-MediaFoundation: 216162199b28c13a410421893ffa2e32 -> 
  custom:video-decoder-ogg-theora: a1e56fd34408186e4bbccfd4996cb3dc -> 
  custom:container-muxer-webm: aa71ff27fc2769a1b78a27578f13a17b -> 
  custom:container-demuxer-webm: 4f35f7cbe854078d1ac9338744f61a02 -> 
  custom:container-demuxer-ogg: 62fdf1f143b41e24485cea50d1cbac27 -> 
  custom:video-encoder-webm-vp8: eb34c28f22e8b96e1ab97ce403110664 -> 
  custom:video-codec-MediaFoundation-h265: 746d11721c4dcdbdad8f713fa42b33f4 -> 
  custom:video-decoder-webm-vp8: 9c59270c3fd7afecdb556c50c9e8de78 -> 
  custom:audio-decoder-ogg-vorbis: bf7c407c2cedff20999df2af8eb42d56 -> 
  custom:audio-encoder-webm-vorbis: bf7c407c2cedff20999df2af8eb42d56 -> 
========================================================================
Received Import Request.
  Time since last request: 114.037573 seconds.
  path: Assets/Prefabs/Castle0.prefab
  artifactKey: Guid(db4a1ba574fb63e41b2c8d00856efead) Importer(815301076,1909f56bfc062723c751e8b465ee728b)
Start importing Assets/Prefabs/Castle0.prefab using Guid(db4a1ba574fb63e41b2c8d00856efead) Importer(815301076,1909f56bfc062723c751e8b465ee728b)  -> (artifact id: 'db11e9bf6b6b6154a523a1b58f090b44') in 0.042218 seconds 
  Import took 0.044263 seconds .

========================================================================
Received Import Request.
  Time since last request: 15.447738 seconds.
  path: Assets/Prefabs/Castle0 1.prefab
  artifactKey: Guid(5983c3437c48605449c27a83a9368942) Importer(815301076,1909f56bfc062723c751e8b465ee728b)
Start importing Assets/Prefabs/Castle0 1.prefab using Guid(5983c3437c48605449c27a83a9368942) Importer(815301076,1909f56bfc062723c751e8b465ee728b)  -> (artifact id: '10b49220851c2bc46a6c30aba5be4b8c') in 0.012506 seconds 
  Import took 0.015095 seconds .

========================================================================
Received Import Request.
  Time since last request: 0.000186 seconds.
  path: Assets/Prefabs/projectile.prefab
  artifactKey: Guid(3592c812ed6b73948858debcc3b65e85) Importer(815301076,1909f56bfc062723c751e8b465ee728b)
Start importing Assets/Prefabs/projectile.prefab using Guid(3592c812ed6b73948858debcc3b65e85) Importer(815301076,1909f56bfc062723c751e8b465ee728b)  -> (artifact id: '01aef93b67359f1e2d272861c6748c58') in 0.015914 seconds 
  Import took 0.018116 seconds .

========================================================================
Received Import Request.
  Time since last request: 8.071215 seconds.
  path: Assets/Prefabs/Castle 1.prefab
  artifactKey: Guid(5983c3437c48605449c27a83a9368942) Importer(815301076,1909f56bfc062723c751e8b465ee728b)
Start importing Assets/Prefabs/Castle 1.prefab using Guid(5983c3437c48605449c27a83a9368942) Importer(815301076,1909f56bfc062723c751e8b465ee728b)  -> (artifact id: '30eba47eb84ae97e3e02ca5941297c67') in 0.013742 seconds 
  Import took 0.016362 seconds .

========================================================================
Received Import Request.
  Time since last request: 7.601797 seconds.
  path: Assets/Prefabs/Castle 0.prefab
  artifactKey: Guid(db4a1ba574fb63e41b2c8d00856efead) Importer(815301076,1909f56bfc062723c751e8b465ee728b)
Start importing Assets/Prefabs/Castle 0.prefab using Guid(db4a1ba574fb63e41b2c8d00856efead) Importer(815301076,1909f56bfc062723c751e8b465ee728b)  -> (artifact id: '9770bbfbb10007123d47091e232200e9') in 0.012333 seconds 
  Import took 0.014437 seconds .

========================================================================
Received Import Request.
  Time since last request: 53.121373 seconds.
  path: Assets/Prefabs/Castle 1.prefab
  artifactKey: Guid(5983c3437c48605449c27a83a9368942) Importer(815301076,1909f56bfc062723c751e8b465ee728b)
Start importing Assets/Prefabs/Castle 1.prefab using Guid(5983c3437c48605449c27a83a9368942) Importer(815301076,1909f56bfc062723c751e8b465ee728b)  -> (artifact id: '8e5bf0002e9e1a311bd19f4ced17ac26') in 0.011283 seconds 
  Import took 0.013473 seconds .

========================================================================
Received Import Request.
  Time since last request: 5.223898 seconds.
  path: Assets/Prefabs/Castle 1.prefab
  artifactKey: Guid(5983c3437c48605449c27a83a9368942) Importer(815301076,1909f56bfc062723c751e8b465ee728b)
Start importing Assets/Prefabs/Castle 1.prefab using Guid(5983c3437c48605449c27a83a9368942) Importer(815301076,1909f56bfc062723c751e8b465ee728b)  -> (artifact id: '1bf5288b2349b132b61778d6c8fd0f66') in 0.010929 seconds 
  Import took 0.013071 seconds .

========================================================================
Received Import Request.
  Time since last request: 4.625368 seconds.
  path: Assets/Prefabs/Castle 1.prefab
  artifactKey: Guid(5983c3437c48605449c27a83a9368942) Importer(815301076,1909f56bfc062723c751e8b465ee728b)
Start importing Assets/Prefabs/Castle 1.prefab using Guid(5983c3437c48605449c27a83a9368942) Importer(815301076,1909f56bfc062723c751e8b465ee728b)  -> (artifact id: '5db0d54082dd7ba036f4b49ce59d7680') in 0.011350 seconds 
  Import took 0.013495 seconds .

========================================================================
Received Import Request.
  Time since last request: 4.028155 seconds.
  path: Assets/Prefabs/Castle 1.prefab
  artifactKey: Guid(5983c3437c48605449c27a83a9368942) Importer(815301076,1909f56bfc062723c751e8b465ee728b)
Start importing Assets/Prefabs/Castle 1.prefab using Guid(5983c3437c48605449c27a83a9368942) Importer(815301076,1909f56bfc062723c751e8b465ee728b)  -> (artifact id: '18a363835062ea1b64830a6ebf64d7ca') in 0.020550 seconds 
  Import took 0.022805 seconds .

========================================================================
Received Import Request.
  Time since last request: 8.642157 seconds.
  path: Assets/Prefabs/Castle 1.prefab
  artifactKey: Guid(5983c3437c48605449c27a83a9368942) Importer(815301076,1909f56bfc062723c751e8b465ee728b)
Start importing Assets/Prefabs/Castle 1.prefab using Guid(5983c3437c48605449c27a83a9368942) Importer(815301076,1909f56bfc062723c751e8b465ee728b)  -> (artifact id: '29ccbb494e55b06c226c64df6bc14b7e') in 0.012456 seconds 
  Import took 0.014658 seconds .

========================================================================
Received Import Request.
  Time since last request: 2.610057 seconds.
  path: Assets/Prefabs/Castle 1.prefab
  artifactKey: Guid(5983c3437c48605449c27a83a9368942) Importer(815301076,1909f56bfc062723c751e8b465ee728b)
Start importing Assets/Prefabs/Castle 1.prefab using Guid(5983c3437c48605449c27a83a9368942) Importer(815301076,1909f56bfc062723c751e8b465ee728b)  -> (artifact id: '42931661c565da55ace9dc1eb80ad6a2') in 0.011459 seconds 
  Import took 0.013631 seconds .

========================================================================
Received Import Request.
  Time since last request: 4.415826 seconds.
  path: Assets/Prefabs/Castle 1.prefab
  artifactKey: Guid(5983c3437c48605449c27a83a9368942) Importer(815301076,1909f56bfc062723c751e8b465ee728b)
Start importing Assets/Prefabs/Castle 1.prefab using Guid(5983c3437c48605449c27a83a9368942) Importer(815301076,1909f56bfc062723c751e8b465ee728b)  -> (artifact id: '16f7f5e8452dfb1b33b213bcfed1bcdd') in 0.015713 seconds 
  Import took 0.017912 seconds .

========================================================================
Received Import Request.
  Time since last request: 9.898662 seconds.
  path: Assets/Prefabs/Castle 1.prefab
  artifactKey: Guid(5983c3437c48605449c27a83a9368942) Importer(815301076,1909f56bfc062723c751e8b465ee728b)
Start importing Assets/Prefabs/Castle 1.prefab using Guid(5983c3437c48605449c27a83a9368942) Importer(815301076,1909f56bfc062723c751e8b465ee728b)  -> (artifact id: '5674ca26deb52a7d96fb243cc5ef7d4c') in 0.013139 seconds 
  Import took 0.015356 seconds .

========================================================================
Received Import Request.
  Time since last request: 6.643786 seconds.
  path: Assets/Prefabs/Castle 1.prefab
  artifactKey: Guid(5983c3437c48605449c27a83a9368942) Importer(815301076,1909f56bfc062723c751e8b465ee728b)
Start importing Assets/Prefabs/Castle 1.prefab using Guid(5983c3437c48605449c27a83a9368942) Importer(815301076,1909f56bfc062723c751e8b465ee728b)  -> (artifact id: 'efbf0c6ed8957f82e23dd35730c3e231') in 0.010981 seconds 
  Import took 0.013136 seconds .

========================================================================
Received Import Request.
  Time since last request: 2.805727 seconds.
  path: Assets/Prefabs/Castle 1.prefab
  artifactKey: Guid(5983c3437c48605449c27a83a9368942) Importer(815301076,1909f56bfc062723c751e8b465ee728b)
Start importing Assets/Prefabs/Castle 1.prefab using Guid(5983c3437c48605449c27a83a9368942) Importer(815301076,1909f56bfc062723c751e8b465ee728b)  -> (artifact id: 'ac6dbeba76f7362aab5cf986a4a19c63') in 0.010670 seconds 
  Import took 0.013011 seconds .

========================================================================
Received Import Request.
  Time since last request: 3.606393 seconds.
  path: Assets/Prefabs/Castle 1.prefab
  artifactKey: Guid(5983c3437c48605449c27a83a9368942) Importer(815301076,1909f56bfc062723c751e8b465ee728b)
Start importing Assets/Prefabs/Castle 1.prefab using Guid(5983c3437c48605449c27a83a9368942) Importer(815301076,1909f56bfc062723c751e8b465ee728b)  -> (artifact id: 'a93296e8304945a25002da3a646bb5d4') in 0.011675 seconds 
  Import took 0.013885 seconds .

========================================================================
Received Import Request.
  Time since last request: 13.932400 seconds.
  path: Assets/Prefabs/Castle 1.prefab
  artifactKey: Guid(5983c3437c48605449c27a83a9368942) Importer(815301076,1909f56bfc062723c751e8b465ee728b)
Start importing Assets/Prefabs/Castle 1.prefab using Guid(5983c3437c48605449c27a83a9368942) Importer(815301076,1909f56bfc062723c751e8b465ee728b)  -> (artifact id: '5fbc63b26cd6d60bc223aea92acec17f') in 0.011546 seconds 
  Import took 0.013816 seconds .

========================================================================
Received Import Request.
  Time since last request: 0.796355 seconds.
  path: Assets/Prefabs/Castle0 1.prefab
  artifactKey: Guid(5983c3437c48605449c27a83a9368942) Importer(815301076,1909f56bfc062723c751e8b465ee728b)
Start importing Assets/Prefabs/Castle0 1.prefab using Guid(5983c3437c48605449c27a83a9368942) Importer(815301076,1909f56bfc062723c751e8b465ee728b)  -> (artifact id: 'd38b40fea3380af6e0c4d2c87b0b896b') in 0.012736 seconds 
  Import took 0.014955 seconds .

========================================================================
Received Import Request.
  Time since last request: 0.010632 seconds.
  path: Assets/Prefabs/Castle0 1.prefab
  artifactKey: Guid(5983c3437c48605449c27a83a9368942) Importer(815301076,1909f56bfc062723c751e8b465ee728b)
Start importing Assets/Prefabs/Castle0 1.prefab using Guid(5983c3437c48605449c27a83a9368942) Importer(815301076,1909f56bfc062723c751e8b465ee728b)  -> (artifact id: 'd38b40fea3380af6e0c4d2c87b0b896b') in 0.006969 seconds 
  Import took 0.009174 seconds .

========================================================================
Received Import Request.
  Time since last request: 21.556691 seconds.
  path: Assets/Prefabs/Castle 1.prefab
  artifactKey: Guid(5983c3437c48605449c27a83a9368942) Importer(815301076,1909f56bfc062723c751e8b465ee728b)
Start importing Assets/Prefabs/Castle 1.prefab using Guid(5983c3437c48605449c27a83a9368942) Importer(815301076,1909f56bfc062723c751e8b465ee728b)  -> (artifact id: '7b540f15e7de2b645921fce168c93d8d') in 0.011214 seconds 
  Import took 0.013452 seconds .

========================================================================
Received Import Request.
  Time since last request: 1.799150 seconds.
  path: Assets/Prefabs/Castle 1.prefab
  artifactKey: Guid(5983c3437c48605449c27a83a9368942) Importer(815301076,1909f56bfc062723c751e8b465ee728b)
Start importing Assets/Prefabs/Castle 1.prefab using Guid(5983c3437c48605449c27a83a9368942) Importer(815301076,1909f56bfc062723c751e8b465ee728b)  -> (artifact id: 'e9a95e291ada9b288ba2a68be9f51665') in 0.012490 seconds 
  Import took 0.014784 seconds .

========================================================================
Received Import Request.
  Time since last request: 3.416748 seconds.
  path: Assets/Prefabs/Castle 1.prefab
  artifactKey: Guid(5983c3437c48605449c27a83a9368942) Importer(815301076,1909f56bfc062723c751e8b465ee728b)
Start importing Assets/Prefabs/Castle 1.prefab using Guid(5983c3437c48605449c27a83a9368942) Importer(815301076,1909f56bfc062723c751e8b465ee728b)  -> (artifact id: 'bf82d144321e7945b286bf624b1ca1ef') in 0.011232 seconds 
  Import took 0.013404 seconds .

========================================================================
Received Import Request.
  Time since last request: 3.031533 seconds.
  path: Assets/Prefabs/Castle 1.prefab
  artifactKey: Guid(5983c3437c48605449c27a83a9368942) Importer(815301076,1909f56bfc062723c751e8b465ee728b)
Start importing Assets/Prefabs/Castle 1.prefab using Guid(5983c3437c48605449c27a83a9368942) Importer(815301076,1909f56bfc062723c751e8b465ee728b)  -> (artifact id: 'af2cdf414ae682a0f1898ae1efbd1ab3') in 0.011772 seconds 
  Import took 0.014498 seconds .

========================================================================
Received Import Request.
  Time since last request: 3.611623 seconds.
  path: Assets/Prefabs/Castle 1.prefab
  artifactKey: Guid(5983c3437c48605449c27a83a9368942) Importer(815301076,1909f56bfc062723c751e8b465ee728b)
Start importing Assets/Prefabs/Castle 1.prefab using Guid(5983c3437c48605449c27a83a9368942) Importer(815301076,1909f56bfc062723c751e8b465ee728b)  -> (artifact id: '508bc8ff01dbda107286874ae2ddb69a') in 0.011905 seconds 
  Import took 0.014122 seconds .

========================================================================
Received Import Request.
  Time since last request: 1.595045 seconds.
  path: Assets/Prefabs/Castle 1.prefab
  artifactKey: Guid(5983c3437c48605449c27a83a9368942) Importer(815301076,1909f56bfc062723c751e8b465ee728b)
Start importing Assets/Prefabs/Castle 1.prefab using Guid(5983c3437c48605449c27a83a9368942) Importer(815301076,1909f56bfc062723c751e8b465ee728b)  -> (artifact id: '5a06ccc134ebdd7fc3d5b69e4ac50b09') in 0.011399 seconds 
  Import took 0.013721 seconds .

========================================================================
Received Import Request.
  Time since last request: 1.196432 seconds.
  path: Assets/Prefabs/Castle 1.prefab
  artifactKey: Guid(5983c3437c48605449c27a83a9368942) Importer(815301076,1909f56bfc062723c751e8b465ee728b)
Start importing Assets/Prefabs/Castle 1.prefab using Guid(5983c3437c48605449c27a83a9368942) Importer(815301076,1909f56bfc062723c751e8b465ee728b)  -> (artifact id: 'e32c45a3c69228222a629b3692d70f4f') in 0.010523 seconds 
  Import took 0.012721 seconds .

========================================================================
Received Import Request.
  Time since last request: 3.420827 seconds.
  path: Assets/Prefabs/Castle 1.prefab
  artifactKey: Guid(5983c3437c48605449c27a83a9368942) Importer(815301076,1909f56bfc062723c751e8b465ee728b)
Start importing Assets/Prefabs/Castle 1.prefab using Guid(5983c3437c48605449c27a83a9368942) Importer(815301076,1909f56bfc062723c751e8b465ee728b)  -> (artifact id: '0762c92b75c50bb419a306ce8cfbfea7') in 0.011077 seconds 
  Import took 0.013468 seconds .

========================================================================
Received Import Request.
  Time since last request: 3.010187 seconds.
  path: Assets/Prefabs/Castle 1.prefab
  artifactKey: Guid(5983c3437c48605449c27a83a9368942) Importer(815301076,1909f56bfc062723c751e8b465ee728b)
Start importing Assets/Prefabs/Castle 1.prefab using Guid(5983c3437c48605449c27a83a9368942) Importer(815301076,1909f56bfc062723c751e8b465ee728b)  -> (artifact id: 'fb80ff6035e1cc298d124561b3634ed8') in 0.012668 seconds 
  Import took 0.014885 seconds .

========================================================================
Received Import Request.
  Time since last request: 7.040187 seconds.
  path: Assets/Prefabs/Castle 1.prefab
  artifactKey: Guid(5983c3437c48605449c27a83a9368942) Importer(815301076,1909f56bfc062723c751e8b465ee728b)
Start importing Assets/Prefabs/Castle 1.prefab using Guid(5983c3437c48605449c27a83a9368942) Importer(815301076,1909f56bfc062723c751e8b465ee728b)  -> (artifact id: 'bc30fb5c56a5e888ebbec28883b561e7') in 0.011459 seconds 
  Import took 0.013657 seconds .

========================================================================
Received Import Request.
  Time since last request: 4.410066 seconds.
  path: Assets/Prefabs/Castle 1.prefab
  artifactKey: Guid(5983c3437c48605449c27a83a9368942) Importer(815301076,1909f56bfc062723c751e8b465ee728b)
Start importing Assets/Prefabs/Castle 1.prefab using Guid(5983c3437c48605449c27a83a9368942) Importer(815301076,1909f56bfc062723c751e8b465ee728b)  -> (artifact id: '7295249786616c8f728a75647cb863ee') in 0.011241 seconds 
  Import took 0.013672 seconds .

========================================================================
Received Import Request.
  Time since last request: 3.014816 seconds.
  path: Assets/Prefabs/Castle 1.prefab
  artifactKey: Guid(5983c3437c48605449c27a83a9368942) Importer(815301076,1909f56bfc062723c751e8b465ee728b)
Start importing Assets/Prefabs/Castle 1.prefab using Guid(5983c3437c48605449c27a83a9368942) Importer(815301076,1909f56bfc062723c751e8b465ee728b)  -> (artifact id: '1dad7498cff53210826d5e70391c6a8e') in 0.011116 seconds 
  Import took 0.013282 seconds .

========================================================================
Received Import Request.
  Time since last request: 4.230709 seconds.
  path: Assets/Prefabs/Castle 1.prefab
  artifactKey: Guid(5983c3437c48605449c27a83a9368942) Importer(815301076,1909f56bfc062723c751e8b465ee728b)
Start importing Assets/Prefabs/Castle 1.prefab using Guid(5983c3437c48605449c27a83a9368942) Importer(815301076,1909f56bfc062723c751e8b465ee728b)  -> (artifact id: '2a16cfccf5d765325514f67f5cec204d') in 0.011437 seconds 
  Import took 0.013635 seconds .

========================================================================
Received Import Request.
  Time since last request: 2.804659 seconds.
  path: Assets/Prefabs/Castle 1.prefab
  artifactKey: Guid(5983c3437c48605449c27a83a9368942) Importer(815301076,1909f56bfc062723c751e8b465ee728b)
Start importing Assets/Prefabs/Castle 1.prefab using Guid(5983c3437c48605449c27a83a9368942) Importer(815301076,1909f56bfc062723c751e8b465ee728b)  -> (artifact id: '34c2d351753bfdb4e30b95a59ece9b0c') in 0.010893 seconds 
  Import took 0.013253 seconds .

========================================================================
Received Import Request.
  Time since last request: 7.253505 seconds.
  path: Assets/Prefabs/Castle 1.prefab
  artifactKey: Guid(5983c3437c48605449c27a83a9368942) Importer(815301076,1909f56bfc062723c751e8b465ee728b)
Start importing Assets/Prefabs/Castle 1.prefab using Guid(5983c3437c48605449c27a83a9368942) Importer(815301076,1909f56bfc062723c751e8b465ee728b)  -> (artifact id: '2e88d7909f20c6ff6c75d8e18eaf7151') in 0.012106 seconds 
  Import took 0.014374 seconds .

========================================================================
Received Import Request.
  Time since last request: 4.627674 seconds.
  path: Assets/Prefabs/Castle 1.prefab
  artifactKey: Guid(5983c3437c48605449c27a83a9368942) Importer(815301076,1909f56bfc062723c751e8b465ee728b)
Start importing Assets/Prefabs/Castle 1.prefab using Guid(5983c3437c48605449c27a83a9368942) Importer(815301076,1909f56bfc062723c751e8b465ee728b)  -> (artifact id: '02e4113519a6a1eef1ad07226f9d0238') in 0.011915 seconds 
  Import took 0.014201 seconds .

========================================================================
Received Import Request.
  Time since last request: 3.816689 seconds.
  path: Assets/Prefabs/Castle 1.prefab
  artifactKey: Guid(5983c3437c48605449c27a83a9368942) Importer(815301076,1909f56bfc062723c751e8b465ee728b)
Start importing Assets/Prefabs/Castle 1.prefab using Guid(5983c3437c48605449c27a83a9368942) Importer(815301076,1909f56bfc062723c751e8b465ee728b)  -> (artifact id: 'e0e66e5e87390410de956a04d6334e14') in 0.011579 seconds 
  Import took 0.013835 seconds .

========================================================================
Received Import Request.
  Time since last request: 3.215737 seconds.
  path: Assets/Prefabs/Castle 1.prefab
  artifactKey: Guid(5983c3437c48605449c27a83a9368942) Importer(815301076,1909f56bfc062723c751e8b465ee728b)
Start importing Assets/Prefabs/Castle 1.prefab using Guid(5983c3437c48605449c27a83a9368942) Importer(815301076,1909f56bfc062723c751e8b465ee728b)  -> (artifact id: '284c7bf365b20a6a87927f1e87c8bbe1') in 0.012601 seconds 
  Import took 0.014816 seconds .

========================================================================
Received Import Request.
  Time since last request: 1.806144 seconds.
  path: Assets/Prefabs/Castle 1.prefab
  artifactKey: Guid(5983c3437c48605449c27a83a9368942) Importer(815301076,1909f56bfc062723c751e8b465ee728b)
Start importing Assets/Prefabs/Castle 1.prefab using Guid(5983c3437c48605449c27a83a9368942) Importer(815301076,1909f56bfc062723c751e8b465ee728b)  -> (artifact id: 'df37e6e198017c3c453a59792b6b321c') in 0.011604 seconds 
  Import took 0.014019 seconds .

========================================================================
Received Import Request.
  Time since last request: 4.615735 seconds.
  path: Assets/Prefabs/Castle 1.prefab
  artifactKey: Guid(5983c3437c48605449c27a83a9368942) Importer(815301076,1909f56bfc062723c751e8b465ee728b)
Start importing Assets/Prefabs/Castle 1.prefab using Guid(5983c3437c48605449c27a83a9368942) Importer(815301076,1909f56bfc062723c751e8b465ee728b)  -> (artifact id: '1a61ddb0ca9feb69b2b131ced6bc0a27') in 0.010898 seconds 
  Import took 0.013409 seconds .

========================================================================
Received Import Request.
  Time since last request: 3.409237 seconds.
  path: Assets/Prefabs/Castle 1.prefab
  artifactKey: Guid(5983c3437c48605449c27a83a9368942) Importer(815301076,1909f56bfc062723c751e8b465ee728b)
Start importing Assets/Prefabs/Castle 1.prefab using Guid(5983c3437c48605449c27a83a9368942) Importer(815301076,1909f56bfc062723c751e8b465ee728b)  -> (artifact id: '8cea8a2890877fd7a816c93ebf10b575') in 0.011957 seconds 
  Import took 0.014302 seconds .

========================================================================
Received Import Request.
  Time since last request: 2.003029 seconds.
  path: Assets/Prefabs/Castle 1.prefab
  artifactKey: Guid(5983c3437c48605449c27a83a9368942) Importer(815301076,1909f56bfc062723c751e8b465ee728b)
Start importing Assets/Prefabs/Castle 1.prefab using Guid(5983c3437c48605449c27a83a9368942) Importer(815301076,1909f56bfc062723c751e8b465ee728b)  -> (artifact id: '4fbca7570dcf680c347a51dde148917b') in 0.011323 seconds 
  Import took 0.013521 seconds .

========================================================================
Received Import Request.
  Time since last request: 4.418846 seconds.
  path: Assets/Prefabs/Castle 1.prefab
  artifactKey: Guid(5983c3437c48605449c27a83a9368942) Importer(815301076,1909f56bfc062723c751e8b465ee728b)
Start importing Assets/Prefabs/Castle 1.prefab using Guid(5983c3437c48605449c27a83a9368942) Importer(815301076,1909f56bfc062723c751e8b465ee728b)  -> (artifact id: 'a745c89a9e659e414e10c610bdbf61f3') in 0.012073 seconds 
  Import took 0.014607 seconds .

========================================================================
Received Import Request.
  Time since last request: 3.623342 seconds.
  path: Assets/Prefabs/Castle 1.prefab
  artifactKey: Guid(5983c3437c48605449c27a83a9368942) Importer(815301076,1909f56bfc062723c751e8b465ee728b)
Start importing Assets/Prefabs/Castle 1.prefab using Guid(5983c3437c48605449c27a83a9368942) Importer(815301076,1909f56bfc062723c751e8b465ee728b)  -> (artifact id: '04cb3009ee5a1d97bcb9247bb06d846f') in 0.011836 seconds 
  Import took 0.014064 seconds .

========================================================================
Received Import Request.
  Time since last request: 2.402949 seconds.
  path: Assets/Prefabs/Castle 1.prefab
  artifactKey: Guid(5983c3437c48605449c27a83a9368942) Importer(815301076,1909f56bfc062723c751e8b465ee728b)
Start importing Assets/Prefabs/Castle 1.prefab using Guid(5983c3437c48605449c27a83a9368942) Importer(815301076,1909f56bfc062723c751e8b465ee728b)  -> (artifact id: 'de99b9138987c3c8660e3dca6902d9d1') in 0.012700 seconds 
  Import took 0.015086 seconds .

========================================================================
Received Import Request.
  Time since last request: 0.994680 seconds.
  path: Assets/Prefabs/Castle 1.prefab
  artifactKey: Guid(5983c3437c48605449c27a83a9368942) Importer(815301076,1909f56bfc062723c751e8b465ee728b)
Start importing Assets/Prefabs/Castle 1.prefab using Guid(5983c3437c48605449c27a83a9368942) Importer(815301076,1909f56bfc062723c751e8b465ee728b)  -> (artifact id: 'acbc97092558934e9f36e8a4c9547b5b') in 0.011964 seconds 
  Import took 0.014630 seconds .

========================================================================
Received Import Request.
  Time since last request: 4.241188 seconds.
  path: Assets/Prefabs/Castle 1.prefab
  artifactKey: Guid(5983c3437c48605449c27a83a9368942) Importer(815301076,1909f56bfc062723c751e8b465ee728b)
Start importing Assets/Prefabs/Castle 1.prefab using Guid(5983c3437c48605449c27a83a9368942) Importer(815301076,1909f56bfc062723c751e8b465ee728b)  -> (artifact id: '598ea99c6ea27dc2640114244724eb29') in 0.012053 seconds 
  Import took 0.014379 seconds .

========================================================================
Received Import Request.
  Time since last request: 3.026562 seconds.
  path: Assets/Prefabs/Castle 1.prefab
  artifactKey: Guid(5983c3437c48605449c27a83a9368942) Importer(815301076,1909f56bfc062723c751e8b465ee728b)
Start importing Assets/Prefabs/Castle 1.prefab using Guid(5983c3437c48605449c27a83a9368942) Importer(815301076,1909f56bfc062723c751e8b465ee728b)  -> (artifact id: 'fab308bec7dcbc214384c5c1b298ae6e') in 0.012857 seconds 
  Import took 0.015189 seconds .

========================================================================
Received Import Request.
  Time since last request: 1.794968 seconds.
  path: Assets/Prefabs/Castle 1.prefab
  artifactKey: Guid(5983c3437c48605449c27a83a9368942) Importer(815301076,1909f56bfc062723c751e8b465ee728b)
Start importing Assets/Prefabs/Castle 1.prefab using Guid(5983c3437c48605449c27a83a9368942) Importer(815301076,1909f56bfc062723c751e8b465ee728b)  -> (artifact id: 'dd016b91ec58903e560d165907ef8fe0') in 0.011491 seconds 
  Import took 0.013773 seconds .

========================================================================
Received Import Request.
  Time since last request: 25.082925 seconds.
  path: Assets/Prefabs/Castle 1.prefab
  artifactKey: Guid(5983c3437c48605449c27a83a9368942) Importer(815301076,1909f56bfc062723c751e8b465ee728b)
Start importing Assets/Prefabs/Castle 1.prefab using Guid(5983c3437c48605449c27a83a9368942) Importer(815301076,1909f56bfc062723c751e8b465ee728b)  -> (artifact id: '62732cb413a6eae4c5d0ca3a32ffa66a') in 0.011404 seconds 
  Import took 0.013668 seconds .

========================================================================
Received Import Request.
  Time since last request: 4.198627 seconds.
  path: Assets/Prefabs/Castle 1.prefab
  artifactKey: Guid(5983c3437c48605449c27a83a9368942) Importer(815301076,1909f56bfc062723c751e8b465ee728b)
Start importing Assets/Prefabs/Castle 1.prefab using Guid(5983c3437c48605449c27a83a9368942) Importer(815301076,1909f56bfc062723c751e8b465ee728b)  -> (artifact id: '2dfce03282e2d07be1b25bb5cbb8ecd4') in 0.012696 seconds 
  Import took 0.015164 seconds .

========================================================================
Received Prepare
Registering precompiled user dll's ...
Registered in 0.001445 seconds.
Begin MonoManager ReloadAssembly
Native extension for WindowsStandalone target not found
Native extension for WebGL target not found
Refreshing native plugins compatible for Editor in 0.27 ms, found 2 plugins.
Preloading 0 native plugins for Editor in 0.00 ms.
Mono: successfully reloaded assembly
- Completed reload, in  0.580 seconds
Domain Reload Profiling:
	ReloadAssembly (580ms)
		BeginReloadAssembly (88ms)
			ExecutionOrderSort (0ms)
			DisableScriptedObjects (3ms)
			BackupInstance (0ms)
			ReleaseScriptingObjects (0ms)
			CreateAndSetChildDomain (22ms)
		EndReloadAssembly (450ms)
			LoadAssemblies (57ms)
			RebuildTransferFunctionScriptingTraits (0ms)
			SetupTypeCache (148ms)
			ReleaseScriptCaches (1ms)
			RebuildScriptCaches (21ms)
			SetupLoadedEditorAssemblies (175ms)
				LogAssemblyErrors (0ms)
				InitializePlatformSupportModulesInManaged (4ms)
				SetLoadedEditorAssemblies (0ms)
				RefreshPlugins (0ms)
				BeforeProcessingInitializeOnLoad (42ms)
				ProcessInitializeOnLoadAttributes (122ms)
				ProcessInitializeOnLoadMethodAttributes (2ms)
				AfterProcessingInitializeOnLoad (4ms)
				EditorAssembliesLoaded (0ms)
			ExecutionOrderSort2 (0ms)
			AwakeInstancesAfterBackupRestoration (4ms)
Platform modules already initialized, skipping
Refreshing native plugins compatible for Editor in 0.30 ms, found 2 plugins.
Preloading 0 native plugins for Editor in 0.00 ms.
Unloading 1317 Unused Serialized files (Serialized files now loaded: 0)
System memory in use before: 66.9 MB.
System memory in use after: 67.0 MB.

Unloading 12 unused Assets to reduce memory usage. Loaded Objects now: 1840.
Total: 1.583400 ms (FindLiveObjects: 0.144500 ms CreateObjectMapping: 0.034500 ms MarkObjects: 1.385500 ms  DeleteObjects: 0.018300 ms)

AssetImportParameters requested are different than current active one (requested -> active):
  custom:framework-win-MediaFoundation: 216162199b28c13a410421893ffa2e32 -> 
  custom:video-decoder-ogg-theora: a1e56fd34408186e4bbccfd4996cb3dc -> 
  custom:container-muxer-webm: aa71ff27fc2769a1b78a27578f13a17b -> 
  custom:container-demuxer-webm: 4f35f7cbe854078d1ac9338744f61a02 -> 
  custom:container-demuxer-ogg: 62fdf1f143b41e24485cea50d1cbac27 -> 
  custom:video-encoder-webm-vp8: eb34c28f22e8b96e1ab97ce403110664 -> 
  custom:video-codec-MediaFoundation-h265: 746d11721c4dcdbdad8f713fa42b33f4 -> 
  custom:video-decoder-webm-vp8: 9c59270c3fd7afecdb556c50c9e8de78 -> 
  custom:audio-decoder-ogg-vorbis: bf7c407c2cedff20999df2af8eb42d56 -> 
  custom:audio-encoder-webm-vorbis: bf7c407c2cedff20999df2af8eb42d56 -> 
========================================================================
Received Import Request.
  Time since last request: 145.466826 seconds.
  path: Assets/Prefabs/projectile.prefab
  artifactKey: Guid(3592c812ed6b73948858debcc3b65e85) Importer(815301076,1909f56bfc062723c751e8b465ee728b)
Start importing Assets/Prefabs/projectile.prefab using Guid(3592c812ed6b73948858debcc3b65e85) Importer(815301076,1909f56bfc062723c751e8b465ee728b)  -> (artifact id: 'b76fb85b7fabf8fe9c1ece2f6d0f0b56') in 0.048165 seconds 
  Import took 0.050327 seconds .

========================================================================
Received Import Request.
  Time since last request: 191.243484 seconds.
  path: Assets/Prefabs/Castle 2.prefab
  artifactKey: Guid(1236bdde53ef02843ba74b1f080cb465) Importer(815301076,1909f56bfc062723c751e8b465ee728b)
Start importing Assets/Prefabs/Castle 2.prefab using Guid(1236bdde53ef02843ba74b1f080cb465) Importer(815301076,1909f56bfc062723c751e8b465ee728b)  -> (artifact id: 'bfa1e2ab2c71af0a2cdca76ee4b1793f') in 0.013439 seconds 
  Import took 0.016128 seconds .

========================================================================
Received Import Request.
  Time since last request: 9.518126 seconds.
  path: Assets/Prefabs/Castle 2.prefab
  artifactKey: Guid(1236bdde53ef02843ba74b1f080cb465) Importer(815301076,1909f56bfc062723c751e8b465ee728b)
Start importing Assets/Prefabs/Castle 2.prefab using Guid(1236bdde53ef02843ba74b1f080cb465) Importer(815301076,1909f56bfc062723c751e8b465ee728b)  -> (artifact id: '0494f01cdcb2ecf2fd309fe48c3e9b57') in 0.011414 seconds 
  Import took 0.013656 seconds .

========================================================================
Received Import Request.
  Time since last request: 3.215042 seconds.
  path: Assets/Prefabs/Castle 2.prefab
  artifactKey: Guid(1236bdde53ef02843ba74b1f080cb465) Importer(815301076,1909f56bfc062723c751e8b465ee728b)
Start importing Assets/Prefabs/Castle 2.prefab using Guid(1236bdde53ef02843ba74b1f080cb465) Importer(815301076,1909f56bfc062723c751e8b465ee728b)  -> (artifact id: '69e956084f1103c504c1d90dc82dfef5') in 0.011652 seconds 
  Import took 0.013754 seconds .

========================================================================
Received Import Request.
  Time since last request: 2.809249 seconds.
  path: Assets/Prefabs/Castle 2.prefab
  artifactKey: Guid(1236bdde53ef02843ba74b1f080cb465) Importer(815301076,1909f56bfc062723c751e8b465ee728b)
Start importing Assets/Prefabs/Castle 2.prefab using Guid(1236bdde53ef02843ba74b1f080cb465) Importer(815301076,1909f56bfc062723c751e8b465ee728b)  -> (artifact id: '85a3d1edd1acd3babb28294ce84cf76a') in 0.011530 seconds 
  Import took 0.013671 seconds .

========================================================================
Received Import Request.
  Time since last request: 3.412053 seconds.
  path: Assets/Prefabs/Castle 2.prefab
  artifactKey: Guid(1236bdde53ef02843ba74b1f080cb465) Importer(815301076,1909f56bfc062723c751e8b465ee728b)
Start importing Assets/Prefabs/Castle 2.prefab using Guid(1236bdde53ef02843ba74b1f080cb465) Importer(815301076,1909f56bfc062723c751e8b465ee728b)  -> (artifact id: '699f403509f34cf45d4bd1911d263355') in 0.011240 seconds 
  Import took 0.013496 seconds .

========================================================================
Received Import Request.
  Time since last request: 6.440734 seconds.
  path: Assets/Prefabs/Castle 2.prefab
  artifactKey: Guid(1236bdde53ef02843ba74b1f080cb465) Importer(815301076,1909f56bfc062723c751e8b465ee728b)
Start importing Assets/Prefabs/Castle 2.prefab using Guid(1236bdde53ef02843ba74b1f080cb465) Importer(815301076,1909f56bfc062723c751e8b465ee728b)  -> (artifact id: 'fe40f427df6ae59f94a942e4c7077482') in 0.010722 seconds 
  Import took 0.012889 seconds .

========================================================================
Received Import Request.
  Time since last request: 2.402463 seconds.
  path: Assets/Prefabs/Castle 2.prefab
  artifactKey: Guid(1236bdde53ef02843ba74b1f080cb465) Importer(815301076,1909f56bfc062723c751e8b465ee728b)
Start importing Assets/Prefabs/Castle 2.prefab using Guid(1236bdde53ef02843ba74b1f080cb465) Importer(815301076,1909f56bfc062723c751e8b465ee728b)  -> (artifact id: '7314049e94a60b41176a9fcdc01ec3eb') in 0.012363 seconds 
  Import took 0.014618 seconds .

========================================================================
Received Import Request.
  Time since last request: 1.598192 seconds.
  path: Assets/Prefabs/Castle 2.prefab
  artifactKey: Guid(1236bdde53ef02843ba74b1f080cb465) Importer(815301076,1909f56bfc062723c751e8b465ee728b)
Start importing Assets/Prefabs/Castle 2.prefab using Guid(1236bdde53ef02843ba74b1f080cb465) Importer(815301076,1909f56bfc062723c751e8b465ee728b)  -> (artifact id: 'a7fc53cc3fc09c75cb361b5f3828ba08') in 0.010835 seconds 
  Import took 0.013071 seconds .

========================================================================
Received Import Request.
  Time since last request: 16.118953 seconds.
  path: Assets/Prefabs/Castle 2.prefab
  artifactKey: Guid(1236bdde53ef02843ba74b1f080cb465) Importer(815301076,1909f56bfc062723c751e8b465ee728b)
Start importing Assets/Prefabs/Castle 2.prefab using Guid(1236bdde53ef02843ba74b1f080cb465) Importer(815301076,1909f56bfc062723c751e8b465ee728b)  -> (artifact id: 'f900c42f7a3cacf3a1ab2a2d036d7a52') in 0.011414 seconds 
  Import took 0.013543 seconds .

========================================================================
Received Import Request.
  Time since last request: 3.222931 seconds.
  path: Assets/Prefabs/Castle 2.prefab
  artifactKey: Guid(1236bdde53ef02843ba74b1f080cb465) Importer(815301076,1909f56bfc062723c751e8b465ee728b)
Start importing Assets/Prefabs/Castle 2.prefab using Guid(1236bdde53ef02843ba74b1f080cb465) Importer(815301076,1909f56bfc062723c751e8b465ee728b)  -> (artifact id: 'c2bbecb2a965e3dbcf12b76887e4b0e6') in 0.010893 seconds 
  Import took 0.012979 seconds .

========================================================================
Received Import Request.
  Time since last request: 5.648732 seconds.
  path: Assets/Prefabs/Castle 2.prefab
  artifactKey: Guid(1236bdde53ef02843ba74b1f080cb465) Importer(815301076,1909f56bfc062723c751e8b465ee728b)
Start importing Assets/Prefabs/Castle 2.prefab using Guid(1236bdde53ef02843ba74b1f080cb465) Importer(815301076,1909f56bfc062723c751e8b465ee728b)  -> (artifact id: '24da5211a99a6a7ec2c175c3ccf43405') in 0.011026 seconds 
  Import took 0.013464 seconds .

========================================================================
Received Import Request.
  Time since last request: 5.430565 seconds.
  path: Assets/Prefabs/Castle 2.prefab
  artifactKey: Guid(1236bdde53ef02843ba74b1f080cb465) Importer(815301076,1909f56bfc062723c751e8b465ee728b)
Start importing Assets/Prefabs/Castle 2.prefab using Guid(1236bdde53ef02843ba74b1f080cb465) Importer(815301076,1909f56bfc062723c751e8b465ee728b)  -> (artifact id: '7c943b9397e20772cf3d1f5d7ec81296') in 0.012578 seconds 
  Import took 0.014786 seconds .

========================================================================
Received Import Request.
  Time since last request: 3.000423 seconds.
  path: Assets/Prefabs/Castle 2.prefab
  artifactKey: Guid(1236bdde53ef02843ba74b1f080cb465) Importer(815301076,1909f56bfc062723c751e8b465ee728b)
Start importing Assets/Prefabs/Castle 2.prefab using Guid(1236bdde53ef02843ba74b1f080cb465) Importer(815301076,1909f56bfc062723c751e8b465ee728b)  -> (artifact id: 'dc7f2910bfc76afea7f898fb4368738a') in 0.011260 seconds 
  Import took 0.013516 seconds .

========================================================================
Received Import Request.
  Time since last request: 2.482313 seconds.
  path: Assets/Prefabs/Castle 2.prefab
  artifactKey: Guid(1236bdde53ef02843ba74b1f080cb465) Importer(815301076,1909f56bfc062723c751e8b465ee728b)
Start importing Assets/Prefabs/Castle 2.prefab using Guid(1236bdde53ef02843ba74b1f080cb465) Importer(815301076,1909f56bfc062723c751e8b465ee728b)  -> (artifact id: '74dba28174f5365a3f3e4fd097815049') in 0.011048 seconds 
  Import took 0.013251 seconds .

========================================================================
Received Import Request.
  Time since last request: 3.006441 seconds.
  path: Assets/Prefabs/Castle 2.prefab
  artifactKey: Guid(1236bdde53ef02843ba74b1f080cb465) Importer(815301076,1909f56bfc062723c751e8b465ee728b)
Start importing Assets/Prefabs/Castle 2.prefab using Guid(1236bdde53ef02843ba74b1f080cb465) Importer(815301076,1909f56bfc062723c751e8b465ee728b)  -> (artifact id: 'a3caaba6459c76671b9d1fd21d6aa35a') in 0.011985 seconds 
  Import took 0.014963 seconds .

========================================================================
Received Import Request.
  Time since last request: 4.622179 seconds.
  path: Assets/Prefabs/Castle 2.prefab
  artifactKey: Guid(1236bdde53ef02843ba74b1f080cb465) Importer(815301076,1909f56bfc062723c751e8b465ee728b)
Start importing Assets/Prefabs/Castle 2.prefab using Guid(1236bdde53ef02843ba74b1f080cb465) Importer(815301076,1909f56bfc062723c751e8b465ee728b)  -> (artifact id: 'c2aaf4b3d73373d011e9df0f01128de1') in 0.012303 seconds 
  Import took 0.015239 seconds .

========================================================================
Received Import Request.
  Time since last request: 40.987228 seconds.
  path: Assets/Prefabs/Castle 1.prefab
  artifactKey: Guid(5983c3437c48605449c27a83a9368942) Importer(815301076,1909f56bfc062723c751e8b465ee728b)
Start importing Assets/Prefabs/Castle 1.prefab using Guid(5983c3437c48605449c27a83a9368942) Importer(815301076,1909f56bfc062723c751e8b465ee728b)  -> (artifact id: 'cf0c5974bc3d2d7fccad4d08b28a07ce') in 0.011555 seconds 
  Import took 0.013701 seconds .

========================================================================
Received Import Request.
  Time since last request: 3.461047 seconds.
  path: Assets/Prefabs/Castle 1.prefab
  artifactKey: Guid(5983c3437c48605449c27a83a9368942) Importer(815301076,1909f56bfc062723c751e8b465ee728b)
Start importing Assets/Prefabs/Castle 1.prefab using Guid(5983c3437c48605449c27a83a9368942) Importer(815301076,1909f56bfc062723c751e8b465ee728b)  -> (artifact id: 'ba44f7a509de439a5f2408273a7bab14') in 0.011804 seconds 
  Import took 0.014002 seconds .

========================================================================
Received Import Request.
  Time since last request: 3.555041 seconds.
  path: Assets/Prefabs/Castle 1.prefab
  artifactKey: Guid(5983c3437c48605449c27a83a9368942) Importer(815301076,1909f56bfc062723c751e8b465ee728b)
Start importing Assets/Prefabs/Castle 1.prefab using Guid(5983c3437c48605449c27a83a9368942) Importer(815301076,1909f56bfc062723c751e8b465ee728b)  -> (artifact id: '317097dd2b798e51ad1f0c9738ed8129') in 0.011272 seconds 
  Import took 0.013827 seconds .

========================================================================
Received Import Request.
  Time since last request: 2.417841 seconds.
  path: Assets/Prefabs/Castle 1.prefab
  artifactKey: Guid(5983c3437c48605449c27a83a9368942) Importer(815301076,1909f56bfc062723c751e8b465ee728b)
Start importing Assets/Prefabs/Castle 1.prefab using Guid(5983c3437c48605449c27a83a9368942) Importer(815301076,1909f56bfc062723c751e8b465ee728b)  -> (artifact id: '3b9b24f1b939be70b5505b23df46684c') in 0.011509 seconds 
  Import took 0.013712 seconds .

========================================================================
Received Import Request.
  Time since last request: 2.408078 seconds.
  path: Assets/Prefabs/Castle 1.prefab
  artifactKey: Guid(5983c3437c48605449c27a83a9368942) Importer(815301076,1909f56bfc062723c751e8b465ee728b)
Start importing Assets/Prefabs/Castle 1.prefab using Guid(5983c3437c48605449c27a83a9368942) Importer(815301076,1909f56bfc062723c751e8b465ee728b)  -> (artifact id: '062b8fa54b6bdf26c9be5a9b805c11d9') in 0.011394 seconds 
  Import took 0.013585 seconds .

========================================================================
Received Import Request.
  Time since last request: 2.409429 seconds.
  path: Assets/Prefabs/Castle 1.prefab
  artifactKey: Guid(5983c3437c48605449c27a83a9368942) Importer(815301076,1909f56bfc062723c751e8b465ee728b)
Start importing Assets/Prefabs/Castle 1.prefab using Guid(5983c3437c48605449c27a83a9368942) Importer(815301076,1909f56bfc062723c751e8b465ee728b)  -> (artifact id: 'b0827b0f9d7ba5805c1b92b3a52253dd') in 0.012320 seconds 
  Import took 0.014841 seconds .

========================================================================
Received Import Request.
  Time since last request: 1.592091 seconds.
  path: Assets/Prefabs/Castle 1.prefab
  artifactKey: Guid(5983c3437c48605449c27a83a9368942) Importer(815301076,1909f56bfc062723c751e8b465ee728b)
Start importing Assets/Prefabs/Castle 1.prefab using Guid(5983c3437c48605449c27a83a9368942) Importer(815301076,1909f56bfc062723c751e8b465ee728b)  -> (artifact id: '3a81f713caa953ec669357d63c8cc9ee') in 0.011369 seconds 
  Import took 0.013658 seconds .

========================================================================
Received Import Request.
  Time since last request: 1.393311 seconds.
  path: Assets/Prefabs/Castle 1.prefab
  artifactKey: Guid(5983c3437c48605449c27a83a9368942) Importer(815301076,1909f56bfc062723c751e8b465ee728b)
Start importing Assets/Prefabs/Castle 1.prefab using Guid(5983c3437c48605449c27a83a9368942) Importer(815301076,1909f56bfc062723c751e8b465ee728b)  -> (artifact id: 'd91fb2bab6e5fd2c82ddcec31fdf3443') in 0.011011 seconds 
  Import took 0.013229 seconds .

========================================================================
Received Import Request.
  Time since last request: 1.605600 seconds.
  path: Assets/Prefabs/Castle 1.prefab
  artifactKey: Guid(5983c3437c48605449c27a83a9368942) Importer(815301076,1909f56bfc062723c751e8b465ee728b)
Start importing Assets/Prefabs/Castle 1.prefab using Guid(5983c3437c48605449c27a83a9368942) Importer(815301076,1909f56bfc062723c751e8b465ee728b)  -> (artifact id: '082f34124e632259449f9592ad16e604') in 0.011915 seconds 
  Import took 0.014521 seconds .

========================================================================
Received Import Request.
  Time since last request: 3.603270 seconds.
  path: Assets/Prefabs/Castle 1.prefab
  artifactKey: Guid(5983c3437c48605449c27a83a9368942) Importer(815301076,1909f56bfc062723c751e8b465ee728b)
Start importing Assets/Prefabs/Castle 1.prefab using Guid(5983c3437c48605449c27a83a9368942) Importer(815301076,1909f56bfc062723c751e8b465ee728b)  -> (artifact id: '1a7d6c70beb4874428cf3bf1cfccc26c') in 0.012000 seconds 
  Import took 0.014249 seconds .

========================================================================
Received Import Request.
  Time since last request: 2.206720 seconds.
  path: Assets/Prefabs/Castle 1.prefab
  artifactKey: Guid(5983c3437c48605449c27a83a9368942) Importer(815301076,1909f56bfc062723c751e8b465ee728b)
Start importing Assets/Prefabs/Castle 1.prefab using Guid(5983c3437c48605449c27a83a9368942) Importer(815301076,1909f56bfc062723c751e8b465ee728b)  -> (artifact id: 'a5f2a4edeab9df3725a50065238eb713') in 0.012194 seconds 
  Import took 0.014566 seconds .

========================================================================
Received Import Request.
  Time since last request: 2.776732 seconds.
  path: Assets/Prefabs/Castle 1.prefab
  artifactKey: Guid(5983c3437c48605449c27a83a9368942) Importer(815301076,1909f56bfc062723c751e8b465ee728b)
Start importing Assets/Prefabs/Castle 1.prefab using Guid(5983c3437c48605449c27a83a9368942) Importer(815301076,1909f56bfc062723c751e8b465ee728b)  -> (artifact id: '876c66edf19f0cf37862518ac0697a2b') in 0.011709 seconds 
  Import took 0.013917 seconds .

========================================================================
Received Import Request.
  Time since last request: 1.413969 seconds.
  path: Assets/Prefabs/Castle 1.prefab
  artifactKey: Guid(5983c3437c48605449c27a83a9368942) Importer(815301076,1909f56bfc062723c751e8b465ee728b)
Start importing Assets/Prefabs/Castle 1.prefab using Guid(5983c3437c48605449c27a83a9368942) Importer(815301076,1909f56bfc062723c751e8b465ee728b)  -> (artifact id: '918857bfaa7121f648be14f134ea5e73') in 0.012459 seconds 
  Import took 0.014751 seconds .

========================================================================
Received Import Request.
  Time since last request: 2.802498 seconds.
  path: Assets/Prefabs/Castle 1.prefab
  artifactKey: Guid(5983c3437c48605449c27a83a9368942) Importer(815301076,1909f56bfc062723c751e8b465ee728b)
Start importing Assets/Prefabs/Castle 1.prefab using Guid(5983c3437c48605449c27a83a9368942) Importer(815301076,1909f56bfc062723c751e8b465ee728b)  -> (artifact id: 'cad389b885a2f36e5cba45275737bae3') in 0.011589 seconds 
  Import took 0.013808 seconds .

========================================================================
Received Import Request.
  Time since last request: 2.807040 seconds.
  path: Assets/Prefabs/Castle 1.prefab
  artifactKey: Guid(5983c3437c48605449c27a83a9368942) Importer(815301076,1909f56bfc062723c751e8b465ee728b)
Start importing Assets/Prefabs/Castle 1.prefab using Guid(5983c3437c48605449c27a83a9368942) Importer(815301076,1909f56bfc062723c751e8b465ee728b)  -> (artifact id: 'b6ade3304e004fb8f386b1c446b9ea1e') in 0.016879 seconds 
  Import took 0.019099 seconds .

========================================================================
Received Import Request.
  Time since last request: 3.526638 seconds.
  path: Assets/Prefabs/Castle 1.prefab
  artifactKey: Guid(5983c3437c48605449c27a83a9368942) Importer(815301076,1909f56bfc062723c751e8b465ee728b)
Start importing Assets/Prefabs/Castle 1.prefab using Guid(5983c3437c48605449c27a83a9368942) Importer(815301076,1909f56bfc062723c751e8b465ee728b)  -> (artifact id: '7906127903d96930535b7c269bbe2fce') in 0.010421 seconds 
  Import took 0.012435 seconds .

========================================================================
Received Import Request.
  Time since last request: 1.808470 seconds.
  path: Assets/Prefabs/Castle 1.prefab
  artifactKey: Guid(5983c3437c48605449c27a83a9368942) Importer(815301076,1909f56bfc062723c751e8b465ee728b)
Start importing Assets/Prefabs/Castle 1.prefab using Guid(5983c3437c48605449c27a83a9368942) Importer(815301076,1909f56bfc062723c751e8b465ee728b)  -> (artifact id: '25c20f538bf94ad54a862083fa7a5177') in 0.011218 seconds 
  Import took 0.013437 seconds .

========================================================================
Received Import Request.
  Time since last request: 7.697197 seconds.
  path: Assets/Prefabs/Castle 1.prefab
  artifactKey: Guid(5983c3437c48605449c27a83a9368942) Importer(815301076,1909f56bfc062723c751e8b465ee728b)
Start importing Assets/Prefabs/Castle 1.prefab using Guid(5983c3437c48605449c27a83a9368942) Importer(815301076,1909f56bfc062723c751e8b465ee728b)  -> (artifact id: '41471b3f3e4c896c309f53ec8453cf00') in 0.011261 seconds 
  Import took 0.013433 seconds .

========================================================================
Received Import Request.
  Time since last request: 6.313601 seconds.
  path: Assets/Prefabs/Castle 1.prefab
  artifactKey: Guid(5983c3437c48605449c27a83a9368942) Importer(815301076,1909f56bfc062723c751e8b465ee728b)
Start importing Assets/Prefabs/Castle 1.prefab using Guid(5983c3437c48605449c27a83a9368942) Importer(815301076,1909f56bfc062723c751e8b465ee728b)  -> (artifact id: '1bb8f91bfcc3cb0f65e2c8325e4550d2') in 0.011033 seconds 
  Import took 0.013126 seconds .

========================================================================
Received Import Request.
  Time since last request: 4.119397 seconds.
  path: Assets/Prefabs/Castle 1.prefab
  artifactKey: Guid(5983c3437c48605449c27a83a9368942) Importer(815301076,1909f56bfc062723c751e8b465ee728b)
Start importing Assets/Prefabs/Castle 1.prefab using Guid(5983c3437c48605449c27a83a9368942) Importer(815301076,1909f56bfc062723c751e8b465ee728b)  -> (artifact id: 'f2a70de84e0c986f7ce879888184aeeb') in 0.011738 seconds 
  Import took 0.014005 seconds .

========================================================================
Received Import Request.
  Time since last request: 12.086229 seconds.
  path: Assets/Prefabs/Castle 1.prefab
  artifactKey: Guid(5983c3437c48605449c27a83a9368942) Importer(815301076,1909f56bfc062723c751e8b465ee728b)
Start importing Assets/Prefabs/Castle 1.prefab using Guid(5983c3437c48605449c27a83a9368942) Importer(815301076,1909f56bfc062723c751e8b465ee728b)  -> (artifact id: 'ff91ab1f9f08e0f6c225d303bce71ef9') in 0.010789 seconds 
  Import took 0.012966 seconds .

========================================================================
Received Import Request.
  Time since last request: 3.416141 seconds.
  path: Assets/Prefabs/Castle 1.prefab
  artifactKey: Guid(5983c3437c48605449c27a83a9368942) Importer(815301076,1909f56bfc062723c751e8b465ee728b)
Start importing Assets/Prefabs/Castle 1.prefab using Guid(5983c3437c48605449c27a83a9368942) Importer(815301076,1909f56bfc062723c751e8b465ee728b)  -> (artifact id: 'dbf68b56f94f22fb312b4bbe7e89551e') in 0.012082 seconds 
  Import took 0.014253 seconds .

========================================================================
Received Import Request.
  Time since last request: 0.983796 seconds.
  path: Assets/Prefabs/Castle 1.prefab
  artifactKey: Guid(5983c3437c48605449c27a83a9368942) Importer(815301076,1909f56bfc062723c751e8b465ee728b)
Start importing Assets/Prefabs/Castle 1.prefab using Guid(5983c3437c48605449c27a83a9368942) Importer(815301076,1909f56bfc062723c751e8b465ee728b)  -> (artifact id: 'b813596fbda10e42be2626083c389a64') in 0.011270 seconds 
  Import took 0.013662 seconds .

========================================================================
Received Import Request.
  Time since last request: 3.413496 seconds.
  path: Assets/Prefabs/Castle 1.prefab
  artifactKey: Guid(5983c3437c48605449c27a83a9368942) Importer(815301076,1909f56bfc062723c751e8b465ee728b)
Start importing Assets/Prefabs/Castle 1.prefab using Guid(5983c3437c48605449c27a83a9368942) Importer(815301076,1909f56bfc062723c751e8b465ee728b)  -> (artifact id: 'bcdf326e203b730780c2241e4f000527') in 0.011402 seconds 
  Import took 0.013720 seconds .

========================================================================
Received Import Request.
  Time since last request: 3.860137 seconds.
  path: Assets/Prefabs/Castle 1.prefab
  artifactKey: Guid(5983c3437c48605449c27a83a9368942) Importer(815301076,1909f56bfc062723c751e8b465ee728b)
Start importing Assets/Prefabs/Castle 1.prefab using Guid(5983c3437c48605449c27a83a9368942) Importer(815301076,1909f56bfc062723c751e8b465ee728b)  -> (artifact id: '3aa23b6615d5d33d7a92fec7931cbc67') in 0.011173 seconds 
  Import took 0.013284 seconds .

========================================================================
Received Import Request.
  Time since last request: 7.360472 seconds.
  path: Assets/Prefabs/Castle 1.prefab
  artifactKey: Guid(5983c3437c48605449c27a83a9368942) Importer(815301076,1909f56bfc062723c751e8b465ee728b)
Start importing Assets/Prefabs/Castle 1.prefab using Guid(5983c3437c48605449c27a83a9368942) Importer(815301076,1909f56bfc062723c751e8b465ee728b)  -> (artifact id: 'b7951acf8d41b8eb14e8c95c4344039e') in 0.011392 seconds 
  Import took 0.013475 seconds .

========================================================================
Received Import Request.
  Time since last request: 2.796371 seconds.
  path: Assets/Prefabs/Castle 1.prefab
  artifactKey: Guid(5983c3437c48605449c27a83a9368942) Importer(815301076,1909f56bfc062723c751e8b465ee728b)
Start importing Assets/Prefabs/Castle 1.prefab using Guid(5983c3437c48605449c27a83a9368942) Importer(815301076,1909f56bfc062723c751e8b465ee728b)  -> (artifact id: '65d1a90a81768ad188021689eb39870c') in 0.011074 seconds 
  Import took 0.013144 seconds .

========================================================================
Received Import Request.
  Time since last request: 4.587123 seconds.
  path: Assets/Prefabs/Castle 1.prefab
  artifactKey: Guid(5983c3437c48605449c27a83a9368942) Importer(815301076,1909f56bfc062723c751e8b465ee728b)
Start importing Assets/Prefabs/Castle 1.prefab using Guid(5983c3437c48605449c27a83a9368942) Importer(815301076,1909f56bfc062723c751e8b465ee728b)  -> (artifact id: 'a365c76cb3de8bb40ebec46710fc8b48') in 0.010675 seconds 
  Import took 0.012813 seconds .

========================================================================
Received Import Request.
  Time since last request: 5.651518 seconds.
  path: Assets/Prefabs/Castle 1.prefab
  artifactKey: Guid(5983c3437c48605449c27a83a9368942) Importer(815301076,1909f56bfc062723c751e8b465ee728b)
Start importing Assets/Prefabs/Castle 1.prefab using Guid(5983c3437c48605449c27a83a9368942) Importer(815301076,1909f56bfc062723c751e8b465ee728b)  -> (artifact id: '9bf9bc02e008f217b95d6b17a1b3f670') in 0.012246 seconds 
  Import took 0.014440 seconds .

========================================================================
Received Import Request.
  Time since last request: 3.822398 seconds.
  path: Assets/Prefabs/Castle 1.prefab
  artifactKey: Guid(5983c3437c48605449c27a83a9368942) Importer(815301076,1909f56bfc062723c751e8b465ee728b)
Start importing Assets/Prefabs/Castle 1.prefab using Guid(5983c3437c48605449c27a83a9368942) Importer(815301076,1909f56bfc062723c751e8b465ee728b)  -> (artifact id: '06d55eb15d4a5b1c3d3a9e92ceea239f') in 0.012094 seconds 
  Import took 0.014330 seconds .

========================================================================
Received Import Request.
  Time since last request: 3.020252 seconds.
  path: Assets/Prefabs/Castle 1.prefab
  artifactKey: Guid(5983c3437c48605449c27a83a9368942) Importer(815301076,1909f56bfc062723c751e8b465ee728b)
Start importing Assets/Prefabs/Castle 1.prefab using Guid(5983c3437c48605449c27a83a9368942) Importer(815301076,1909f56bfc062723c751e8b465ee728b)  -> (artifact id: '28f81d290f20cabb506963ce64b2b83d') in 0.010805 seconds 
  Import took 0.012893 seconds .

========================================================================
Received Import Request.
  Time since last request: 1.597229 seconds.
  path: Assets/Prefabs/Castle 1.prefab
  artifactKey: Guid(5983c3437c48605449c27a83a9368942) Importer(815301076,1909f56bfc062723c751e8b465ee728b)
Start importing Assets/Prefabs/Castle 1.prefab using Guid(5983c3437c48605449c27a83a9368942) Importer(815301076,1909f56bfc062723c751e8b465ee728b)  -> (artifact id: 'd1e274c18ac3ef43d1f71433b6fbbdad') in 0.012185 seconds 
  Import took 0.014363 seconds .

========================================================================
Received Import Request.
  Time since last request: 1.997427 seconds.
  path: Assets/Prefabs/Castle 1.prefab
  artifactKey: Guid(5983c3437c48605449c27a83a9368942) Importer(815301076,1909f56bfc062723c751e8b465ee728b)
Start importing Assets/Prefabs/Castle 1.prefab using Guid(5983c3437c48605449c27a83a9368942) Importer(815301076,1909f56bfc062723c751e8b465ee728b)  -> (artifact id: '71288d8db619fd26806c52bf61421b3c') in 0.012497 seconds 
  Import took 0.014806 seconds .

========================================================================
Received Import Request.
  Time since last request: 2.612963 seconds.
  path: Assets/Prefabs/Castle 1.prefab
  artifactKey: Guid(5983c3437c48605449c27a83a9368942) Importer(815301076,1909f56bfc062723c751e8b465ee728b)
Start importing Assets/Prefabs/Castle 1.prefab using Guid(5983c3437c48605449c27a83a9368942) Importer(815301076,1909f56bfc062723c751e8b465ee728b)  -> (artifact id: 'd3b4fb9ea1ba9428afbc7c4f0a22110f') in 0.012383 seconds 
  Import took 0.014620 seconds .

========================================================================
Received Import Request.
  Time since last request: 1.392610 seconds.
  path: Assets/Prefabs/Castle 1.prefab
  artifactKey: Guid(5983c3437c48605449c27a83a9368942) Importer(815301076,1909f56bfc062723c751e8b465ee728b)
Start importing Assets/Prefabs/Castle 1.prefab using Guid(5983c3437c48605449c27a83a9368942) Importer(815301076,1909f56bfc062723c751e8b465ee728b)  -> (artifact id: 'bcfcc390bbdf5941238a4dfcbae76f1f') in 0.011707 seconds 
  Import took 0.014000 seconds .

========================================================================
Received Import Request.
  Time since last request: 1.996778 seconds.
  path: Assets/Prefabs/Castle 1.prefab
  artifactKey: Guid(5983c3437c48605449c27a83a9368942) Importer(815301076,1909f56bfc062723c751e8b465ee728b)
Start importing Assets/Prefabs/Castle 1.prefab using Guid(5983c3437c48605449c27a83a9368942) Importer(815301076,1909f56bfc062723c751e8b465ee728b)  -> (artifact id: 'a38c396748179267b059e8c7b36bdfb5') in 0.010798 seconds 
  Import took 0.012942 seconds .

========================================================================
Received Import Request.
  Time since last request: 4.624858 seconds.
  path: Assets/Prefabs/Castle 1.prefab
  artifactKey: Guid(5983c3437c48605449c27a83a9368942) Importer(815301076,1909f56bfc062723c751e8b465ee728b)
Start importing Assets/Prefabs/Castle 1.prefab using Guid(5983c3437c48605449c27a83a9368942) Importer(815301076,1909f56bfc062723c751e8b465ee728b)  -> (artifact id: '040553ee1e13b2d85ac29ad6f3f70f8e') in 0.015529 seconds 
  Import took 0.017680 seconds .

========================================================================
Received Import Request.
  Time since last request: 0.790251 seconds.
  path: Assets/Prefabs/Castle 1.prefab
  artifactKey: Guid(5983c3437c48605449c27a83a9368942) Importer(815301076,1909f56bfc062723c751e8b465ee728b)
Start importing Assets/Prefabs/Castle 1.prefab using Guid(5983c3437c48605449c27a83a9368942) Importer(815301076,1909f56bfc062723c751e8b465ee728b)  -> (artifact id: 'bb90646237eb586d458aef10ab8685b3') in 0.010555 seconds 
  Import took 0.012709 seconds .

========================================================================
Received Import Request.
  Time since last request: 1.602381 seconds.
  path: Assets/Prefabs/Castle 1.prefab
  artifactKey: Guid(5983c3437c48605449c27a83a9368942) Importer(815301076,1909f56bfc062723c751e8b465ee728b)
Start importing Assets/Prefabs/Castle 1.prefab using Guid(5983c3437c48605449c27a83a9368942) Importer(815301076,1909f56bfc062723c751e8b465ee728b)  -> (artifact id: '667a35b5690cd93c449d37d56256b273') in 0.011529 seconds 
  Import took 0.013814 seconds .

========================================================================
Received Import Request.
  Time since last request: 1.595403 seconds.
  path: Assets/Prefabs/Castle 1.prefab
  artifactKey: Guid(5983c3437c48605449c27a83a9368942) Importer(815301076,1909f56bfc062723c751e8b465ee728b)
Start importing Assets/Prefabs/Castle 1.prefab using Guid(5983c3437c48605449c27a83a9368942) Importer(815301076,1909f56bfc062723c751e8b465ee728b)  -> (artifact id: 'e13c72e4ead3b82fd5dee7101d4e65a9') in 0.013048 seconds 
  Import took 0.015352 seconds .

========================================================================
Received Import Request.
  Time since last request: 2.403035 seconds.
  path: Assets/Prefabs/Castle 1.prefab
  artifactKey: Guid(5983c3437c48605449c27a83a9368942) Importer(815301076,1909f56bfc062723c751e8b465ee728b)
Start importing Assets/Prefabs/Castle 1.prefab using Guid(5983c3437c48605449c27a83a9368942) Importer(815301076,1909f56bfc062723c751e8b465ee728b)  -> (artifact id: '69abdaf25e5d5a2a3a01ef5c9712f6ba') in 0.013300 seconds 
  Import took 0.015856 seconds .

========================================================================
Received Import Request.
  Time since last request: 1.589367 seconds.
  path: Assets/Prefabs/Castle 1.prefab
  artifactKey: Guid(5983c3437c48605449c27a83a9368942) Importer(815301076,1909f56bfc062723c751e8b465ee728b)
Start importing Assets/Prefabs/Castle 1.prefab using Guid(5983c3437c48605449c27a83a9368942) Importer(815301076,1909f56bfc062723c751e8b465ee728b)  -> (artifact id: 'e74f50f6808e7b0144ea9153ddacd18e') in 0.012466 seconds 
  Import took 0.015125 seconds .

========================================================================
Received Import Request.
  Time since last request: 3.615793 seconds.
  path: Assets/Prefabs/Castle 1.prefab
  artifactKey: Guid(5983c3437c48605449c27a83a9368942) Importer(815301076,1909f56bfc062723c751e8b465ee728b)
Start importing Assets/Prefabs/Castle 1.prefab using Guid(5983c3437c48605449c27a83a9368942) Importer(815301076,1909f56bfc062723c751e8b465ee728b)  -> (artifact id: '105ad70452926c87fb871f03da134021') in 0.011147 seconds 
  Import took 0.013515 seconds .

========================================================================
Received Import Request.
  Time since last request: 1.797726 seconds.
  path: Assets/Prefabs/Castle 1.prefab
  artifactKey: Guid(5983c3437c48605449c27a83a9368942) Importer(815301076,1909f56bfc062723c751e8b465ee728b)
Start importing Assets/Prefabs/Castle 1.prefab using Guid(5983c3437c48605449c27a83a9368942) Importer(815301076,1909f56bfc062723c751e8b465ee728b)  -> (artifact id: 'ab88c660e9abe30f5516036c25eb373f') in 0.011745 seconds 
  Import took 0.013956 seconds .

========================================================================
Received Import Request.
  Time since last request: 2.611422 seconds.
  path: Assets/Prefabs/Castle 1.prefab
  artifactKey: Guid(5983c3437c48605449c27a83a9368942) Importer(815301076,1909f56bfc062723c751e8b465ee728b)
Start importing Assets/Prefabs/Castle 1.prefab using Guid(5983c3437c48605449c27a83a9368942) Importer(815301076,1909f56bfc062723c751e8b465ee728b)  -> (artifact id: '5527bd44b5938386dfb8be2d136a890c') in 0.012816 seconds 
  Import took 0.015094 seconds .

========================================================================
Received Import Request.
  Time since last request: 3.215550 seconds.
  path: Assets/Prefabs/Castle 1.prefab
  artifactKey: Guid(5983c3437c48605449c27a83a9368942) Importer(815301076,1909f56bfc062723c751e8b465ee728b)
Start importing Assets/Prefabs/Castle 1.prefab using Guid(5983c3437c48605449c27a83a9368942) Importer(815301076,1909f56bfc062723c751e8b465ee728b)  -> (artifact id: '700f1c0681f3de60204b2235a1fe1d70') in 0.012085 seconds 
  Import took 0.014479 seconds .

========================================================================
Received Import Request.
  Time since last request: 4.016193 seconds.
  path: Assets/Prefabs/Castle 1.prefab
  artifactKey: Guid(5983c3437c48605449c27a83a9368942) Importer(815301076,1909f56bfc062723c751e8b465ee728b)
Start importing Assets/Prefabs/Castle 1.prefab using Guid(5983c3437c48605449c27a83a9368942) Importer(815301076,1909f56bfc062723c751e8b465ee728b)  -> (artifact id: 'fb1c788ddbdb3be7d321be3b658d4275') in 0.011521 seconds 
  Import took 0.013669 seconds .

========================================================================
Received Import Request.
  Time since last request: 2.606938 seconds.
  path: Assets/Prefabs/Castle 1.prefab
  artifactKey: Guid(5983c3437c48605449c27a83a9368942) Importer(815301076,1909f56bfc062723c751e8b465ee728b)
Start importing Assets/Prefabs/Castle 1.prefab using Guid(5983c3437c48605449c27a83a9368942) Importer(815301076,1909f56bfc062723c751e8b465ee728b)  -> (artifact id: 'd677d7d5ceeb1b4337ba7af63c1804cb') in 0.011458 seconds 
  Import took 0.013965 seconds .

========================================================================
Received Import Request.
  Time since last request: 1.801146 seconds.
  path: Assets/Prefabs/Castle 1.prefab
  artifactKey: Guid(5983c3437c48605449c27a83a9368942) Importer(815301076,1909f56bfc062723c751e8b465ee728b)
Start importing Assets/Prefabs/Castle 1.prefab using Guid(5983c3437c48605449c27a83a9368942) Importer(815301076,1909f56bfc062723c751e8b465ee728b)  -> (artifact id: '2f8c9d13501a4b66d6fd65d5c7879c19') in 0.012504 seconds 
  Import took 0.014803 seconds .

========================================================================
Received Import Request.
  Time since last request: 0.988372 seconds.
  path: Assets/Prefabs/Castle 1.prefab
  artifactKey: Guid(5983c3437c48605449c27a83a9368942) Importer(815301076,1909f56bfc062723c751e8b465ee728b)
Start importing Assets/Prefabs/Castle 1.prefab using Guid(5983c3437c48605449c27a83a9368942) Importer(815301076,1909f56bfc062723c751e8b465ee728b)  -> (artifact id: 'cd11212363446bd16f40ba00f04705e7') in 0.011766 seconds 
  Import took 0.014003 seconds .

========================================================================
Received Import Request.
  Time since last request: 2.005994 seconds.
  path: Assets/Prefabs/Castle 1.prefab
  artifactKey: Guid(5983c3437c48605449c27a83a9368942) Importer(815301076,1909f56bfc062723c751e8b465ee728b)
Start importing Assets/Prefabs/Castle 1.prefab using Guid(5983c3437c48605449c27a83a9368942) Importer(815301076,1909f56bfc062723c751e8b465ee728b)  -> (artifact id: '91c5165781155ba55fe802bacf3549a4') in 0.011929 seconds 
  Import took 0.014187 seconds .

========================================================================
Received Import Request.
  Time since last request: 3.610124 seconds.
  path: Assets/Prefabs/Castle 1.prefab
  artifactKey: Guid(5983c3437c48605449c27a83a9368942) Importer(815301076,1909f56bfc062723c751e8b465ee728b)
Start importing Assets/Prefabs/Castle 1.prefab using Guid(5983c3437c48605449c27a83a9368942) Importer(815301076,1909f56bfc062723c751e8b465ee728b)  -> (artifact id: '93dc11088cf5bc93a41d149d746c4105') in 0.010891 seconds 
  Import took 0.013135 seconds .

========================================================================
Received Import Request.
  Time since last request: 2.729988 seconds.
  path: Assets/Prefabs/Castle 1.prefab
  artifactKey: Guid(5983c3437c48605449c27a83a9368942) Importer(815301076,1909f56bfc062723c751e8b465ee728b)
Start importing Assets/Prefabs/Castle 1.prefab using Guid(5983c3437c48605449c27a83a9368942) Importer(815301076,1909f56bfc062723c751e8b465ee728b)  -> (artifact id: '07c5527c29dd5d8a4e602f530f9b75c7') in 0.011143 seconds 
  Import took 0.013279 seconds .

========================================================================
Received Import Request.
  Time since last request: 1.190908 seconds.
  path: Assets/Prefabs/Castle 1.prefab
  artifactKey: Guid(5983c3437c48605449c27a83a9368942) Importer(815301076,1909f56bfc062723c751e8b465ee728b)
Start importing Assets/Prefabs/Castle 1.prefab using Guid(5983c3437c48605449c27a83a9368942) Importer(815301076,1909f56bfc062723c751e8b465ee728b)  -> (artifact id: 'f8e2fb396005220d7f0410c66e8bbfe1') in 0.011903 seconds 
  Import took 0.014470 seconds .

========================================================================
Received Import Request.
  Time since last request: 0.589842 seconds.
  path: Assets/Prefabs/Castle 1.prefab
  artifactKey: Guid(5983c3437c48605449c27a83a9368942) Importer(815301076,1909f56bfc062723c751e8b465ee728b)
Start importing Assets/Prefabs/Castle 1.prefab using Guid(5983c3437c48605449c27a83a9368942) Importer(815301076,1909f56bfc062723c751e8b465ee728b)  -> (artifact id: '8653b9b1fda6af353431d200b4697192') in 0.010922 seconds 
  Import took 0.013165 seconds .

========================================================================
Received Import Request.
  Time since last request: 3.414947 seconds.
  path: Assets/Prefabs/Castle 1.prefab
  artifactKey: Guid(5983c3437c48605449c27a83a9368942) Importer(815301076,1909f56bfc062723c751e8b465ee728b)
Start importing Assets/Prefabs/Castle 1.prefab using Guid(5983c3437c48605449c27a83a9368942) Importer(815301076,1909f56bfc062723c751e8b465ee728b)  -> (artifact id: '423f75d6965a728fea852e3145736772') in 0.010948 seconds 
  Import took 0.013144 seconds .

========================================================================
Received Import Request.
  Time since last request: 24.520272 seconds.
  path: Assets/Prefabs/Castle 3.prefab
  artifactKey: Guid(e65f984a9421b34458a1113233cbbbc8) Importer(815301076,1909f56bfc062723c751e8b465ee728b)
Start importing Assets/Prefabs/Castle 3.prefab using Guid(e65f984a9421b34458a1113233cbbbc8) Importer(815301076,1909f56bfc062723c751e8b465ee728b)  -> (artifact id: '3cd6ad22fcf2f1873f90e672eb72eae2') in 0.012660 seconds 
  Import took 0.014943 seconds .

========================================================================
Received Import Request.
  Time since last request: 3.868412 seconds.
  path: Assets/Prefabs/Castle 1.prefab
  artifactKey: Guid(5983c3437c48605449c27a83a9368942) Importer(815301076,1909f56bfc062723c751e8b465ee728b)
Start importing Assets/Prefabs/Castle 1.prefab using Guid(5983c3437c48605449c27a83a9368942) Importer(815301076,1909f56bfc062723c751e8b465ee728b)  -> (artifact id: 'b5090fa4213b5fcec0ea046a8d2a9fef') in 0.013023 seconds 
  Import took 0.015292 seconds .

========================================================================
Received Import Request.
  Time since last request: 4.827315 seconds.
  path: Assets/Prefabs/Castle 1.prefab
  artifactKey: Guid(5983c3437c48605449c27a83a9368942) Importer(815301076,1909f56bfc062723c751e8b465ee728b)
Start importing Assets/Prefabs/Castle 1.prefab using Guid(5983c3437c48605449c27a83a9368942) Importer(815301076,1909f56bfc062723c751e8b465ee728b)  -> (artifact id: 'a7bc18ce6f5f66be7ba309e0ced93abe') in 0.012549 seconds 
  Import took 0.014689 seconds .

========================================================================
Received Import Request.
  Time since last request: 1.204118 seconds.
  path: Assets/Prefabs/Castle 1.prefab
  artifactKey: Guid(5983c3437c48605449c27a83a9368942) Importer(815301076,1909f56bfc062723c751e8b465ee728b)
Start importing Assets/Prefabs/Castle 1.prefab using Guid(5983c3437c48605449c27a83a9368942) Importer(815301076,1909f56bfc062723c751e8b465ee728b)  -> (artifact id: 'd8a0fa908993be8529be602d8b916271') in 0.012335 seconds 
  Import took 0.014444 seconds .

========================================================================
Received Import Request.
  Time since last request: 6.952867 seconds.
  path: Assets/Prefabs/Castle 1.prefab
  artifactKey: Guid(5983c3437c48605449c27a83a9368942) Importer(815301076,1909f56bfc062723c751e8b465ee728b)
Start importing Assets/Prefabs/Castle 1.prefab using Guid(5983c3437c48605449c27a83a9368942) Importer(815301076,1909f56bfc062723c751e8b465ee728b)  -> (artifact id: 'f5e6cd72483d55268dcc1187972057ec') in 0.011544 seconds 
  Import took 0.013655 seconds .

========================================================================
Received Import Request.
  Time since last request: 7.137888 seconds.
  path: Assets/Prefabs/Castle 1.prefab
  artifactKey: Guid(5983c3437c48605449c27a83a9368942) Importer(815301076,1909f56bfc062723c751e8b465ee728b)
Start importing Assets/Prefabs/Castle 1.prefab using Guid(5983c3437c48605449c27a83a9368942) Importer(815301076,1909f56bfc062723c751e8b465ee728b)  -> (artifact id: 'd6ef759dc8b49a2d5f92975d46127080') in 0.011751 seconds 
  Import took 0.013878 seconds .

========================================================================
Received Import Request.
  Time since last request: 3.012973 seconds.
  path: Assets/Prefabs/Castle 1.prefab
  artifactKey: Guid(5983c3437c48605449c27a83a9368942) Importer(815301076,1909f56bfc062723c751e8b465ee728b)
Start importing Assets/Prefabs/Castle 1.prefab using Guid(5983c3437c48605449c27a83a9368942) Importer(815301076,1909f56bfc062723c751e8b465ee728b)  -> (artifact id: 'fcdc2a40e4fcfb27c4a5eb4b74fd6180') in 0.011228 seconds 
  Import took 0.013346 seconds .

========================================================================
Received Import Request.
  Time since last request: 0.989290 seconds.
  path: Assets/Prefabs/Castle 1.prefab
  artifactKey: Guid(5983c3437c48605449c27a83a9368942) Importer(815301076,1909f56bfc062723c751e8b465ee728b)
Start importing Assets/Prefabs/Castle 1.prefab using Guid(5983c3437c48605449c27a83a9368942) Importer(815301076,1909f56bfc062723c751e8b465ee728b)  -> (artifact id: '18ec90bf2a6a2e7eb772675aa508beea') in 0.011253 seconds 
  Import took 0.013364 seconds .

========================================================================
Received Import Request.
  Time since last request: 1.194910 seconds.
  path: Assets/Prefabs/Castle 1.prefab
  artifactKey: Guid(5983c3437c48605449c27a83a9368942) Importer(815301076,1909f56bfc062723c751e8b465ee728b)
Start importing Assets/Prefabs/Castle 1.prefab using Guid(5983c3437c48605449c27a83a9368942) Importer(815301076,1909f56bfc062723c751e8b465ee728b)  -> (artifact id: '90f36a6b849240fda8d08b707eb731ea') in 0.011164 seconds 
  Import took 0.013379 seconds .

========================================================================
Received Import Request.
  Time since last request: 1.191836 seconds.
  path: Assets/Prefabs/Castle 1.prefab
  artifactKey: Guid(5983c3437c48605449c27a83a9368942) Importer(815301076,1909f56bfc062723c751e8b465ee728b)
Start importing Assets/Prefabs/Castle 1.prefab using Guid(5983c3437c48605449c27a83a9368942) Importer(815301076,1909f56bfc062723c751e8b465ee728b)  -> (artifact id: 'f6eb5e4f28d6f05f4fb8b84db3cc0956') in 0.011688 seconds 
  Import took 0.013859 seconds .

========================================================================
Received Import Request.
  Time since last request: 1.791951 seconds.
  path: Assets/Prefabs/Castle 1.prefab
  artifactKey: Guid(5983c3437c48605449c27a83a9368942) Importer(815301076,1909f56bfc062723c751e8b465ee728b)
Start importing Assets/Prefabs/Castle 1.prefab using Guid(5983c3437c48605449c27a83a9368942) Importer(815301076,1909f56bfc062723c751e8b465ee728b)  -> (artifact id: '9e33f9f8154acdf6fedc530f1c2f3878') in 0.012827 seconds 
  Import took 0.015068 seconds .

========================================================================
Received Import Request.
  Time since last request: 2.413965 seconds.
  path: Assets/Prefabs/Castle 1.prefab
  artifactKey: Guid(5983c3437c48605449c27a83a9368942) Importer(815301076,1909f56bfc062723c751e8b465ee728b)
Start importing Assets/Prefabs/Castle 1.prefab using Guid(5983c3437c48605449c27a83a9368942) Importer(815301076,1909f56bfc062723c751e8b465ee728b)  -> (artifact id: 'ec9474d5883231e0710198debe76ea70') in 0.010953 seconds 
  Import took 0.013220 seconds .

========================================================================
Received Import Request.
  Time since last request: 7.242417 seconds.
  path: Assets/Prefabs/Castle 1.prefab
  artifactKey: Guid(5983c3437c48605449c27a83a9368942) Importer(815301076,1909f56bfc062723c751e8b465ee728b)
Start importing Assets/Prefabs/Castle 1.prefab using Guid(5983c3437c48605449c27a83a9368942) Importer(815301076,1909f56bfc062723c751e8b465ee728b)  -> (artifact id: 'd7caada7d8f22895f9fdf8531ec60d31') in 0.011850 seconds 
  Import took 0.014177 seconds .

========================================================================
Received Import Request.
  Time since last request: 2.410689 seconds.
  path: Assets/Prefabs/Castle 1.prefab
  artifactKey: Guid(5983c3437c48605449c27a83a9368942) Importer(815301076,1909f56bfc062723c751e8b465ee728b)
Start importing Assets/Prefabs/Castle 1.prefab using Guid(5983c3437c48605449c27a83a9368942) Importer(815301076,1909f56bfc062723c751e8b465ee728b)  -> (artifact id: '801246a38a6cde598f72f041e7aaa1cf') in 0.010933 seconds 
  Import took 0.013092 seconds .

========================================================================
Received Import Request.
  Time since last request: 2.405103 seconds.
  path: Assets/Prefabs/Castle 1.prefab
  artifactKey: Guid(5983c3437c48605449c27a83a9368942) Importer(815301076,1909f56bfc062723c751e8b465ee728b)
Start importing Assets/Prefabs/Castle 1.prefab using Guid(5983c3437c48605449c27a83a9368942) Importer(815301076,1909f56bfc062723c751e8b465ee728b)  -> (artifact id: 'd6c046fdeb85243a38d0b5109b6e7557') in 0.015062 seconds 
  Import took 0.017670 seconds .

========================================================================
Received Import Request.
  Time since last request: 3.007589 seconds.
  path: Assets/Prefabs/Castle 1.prefab
  artifactKey: Guid(5983c3437c48605449c27a83a9368942) Importer(815301076,1909f56bfc062723c751e8b465ee728b)
Start importing Assets/Prefabs/Castle 1.prefab using Guid(5983c3437c48605449c27a83a9368942) Importer(815301076,1909f56bfc062723c751e8b465ee728b)  -> (artifact id: '945ca45c49e1f3f4e585b0ac1534cf5d') in 0.012745 seconds 
  Import took 0.015043 seconds .

========================================================================
Received Import Request.
  Time since last request: 1.588852 seconds.
  path: Assets/Prefabs/Castle 1.prefab
  artifactKey: Guid(5983c3437c48605449c27a83a9368942) Importer(815301076,1909f56bfc062723c751e8b465ee728b)
Start importing Assets/Prefabs/Castle 1.prefab using Guid(5983c3437c48605449c27a83a9368942) Importer(815301076,1909f56bfc062723c751e8b465ee728b)  -> (artifact id: '2d02138a841c88eca96857d593750cd6') in 0.012713 seconds 
  Import took 0.014986 seconds .

========================================================================
Received Import Request.
  Time since last request: 1.396940 seconds.
  path: Assets/Prefabs/Castle 1.prefab
  artifactKey: Guid(5983c3437c48605449c27a83a9368942) Importer(815301076,1909f56bfc062723c751e8b465ee728b)
Start importing Assets/Prefabs/Castle 1.prefab using Guid(5983c3437c48605449c27a83a9368942) Importer(815301076,1909f56bfc062723c751e8b465ee728b)  -> (artifact id: 'f83d5247bea2d7678599beb8babdcebb') in 0.012055 seconds 
  Import took 0.014260 seconds .

========================================================================
Received Import Request.
  Time since last request: 3.811927 seconds.
  path: Assets/Prefabs/Castle 1.prefab
  artifactKey: Guid(5983c3437c48605449c27a83a9368942) Importer(815301076,1909f56bfc062723c751e8b465ee728b)
Start importing Assets/Prefabs/Castle 1.prefab using Guid(5983c3437c48605449c27a83a9368942) Importer(815301076,1909f56bfc062723c751e8b465ee728b)  -> (artifact id: '8668c27cd94c01bb29d268b4dc03ce6d') in 0.011767 seconds 
  Import took 0.014159 seconds .

========================================================================
Received Import Request.
  Time since last request: 1.599327 seconds.
  path: Assets/Prefabs/Castle 1.prefab
  artifactKey: Guid(5983c3437c48605449c27a83a9368942) Importer(815301076,1909f56bfc062723c751e8b465ee728b)
Start importing Assets/Prefabs/Castle 1.prefab using Guid(5983c3437c48605449c27a83a9368942) Importer(815301076,1909f56bfc062723c751e8b465ee728b)  -> (artifact id: '5a2ff9dbf1cafe7d0e2b3b2f04d29691') in 0.012338 seconds 
  Import took 0.014899 seconds .

========================================================================
Received Import Request.
  Time since last request: 1.194536 seconds.
  path: Assets/Prefabs/Castle 1.prefab
  artifactKey: Guid(5983c3437c48605449c27a83a9368942) Importer(815301076,1909f56bfc062723c751e8b465ee728b)
Start importing Assets/Prefabs/Castle 1.prefab using Guid(5983c3437c48605449c27a83a9368942) Importer(815301076,1909f56bfc062723c751e8b465ee728b)  -> (artifact id: '71f2a54a757c222f3240fc93f292a21f') in 0.010790 seconds 
  Import took 0.012949 seconds .

========================================================================
Received Import Request.
  Time since last request: 2.205988 seconds.
  path: Assets/Prefabs/Castle 1.prefab
  artifactKey: Guid(5983c3437c48605449c27a83a9368942) Importer(815301076,1909f56bfc062723c751e8b465ee728b)
Start importing Assets/Prefabs/Castle 1.prefab using Guid(5983c3437c48605449c27a83a9368942) Importer(815301076,1909f56bfc062723c751e8b465ee728b)  -> (artifact id: '2a9260ce6895b986c28ce6e8c093f595') in 0.013397 seconds 
  Import took 0.015956 seconds .

========================================================================
Received Import Request.
  Time since last request: 6.456723 seconds.
  path: Assets/Prefabs/Castle 1.prefab
  artifactKey: Guid(5983c3437c48605449c27a83a9368942) Importer(815301076,1909f56bfc062723c751e8b465ee728b)
Start importing Assets/Prefabs/Castle 1.prefab using Guid(5983c3437c48605449c27a83a9368942) Importer(815301076,1909f56bfc062723c751e8b465ee728b)  -> (artifact id: '237331f3b96c1659448065bd3c13997f') in 0.016050 seconds 
  Import took 0.018271 seconds .

========================================================================
Received Import Request.
  Time since last request: 3.205314 seconds.
  path: Assets/Prefabs/Castle 1.prefab
  artifactKey: Guid(5983c3437c48605449c27a83a9368942) Importer(815301076,1909f56bfc062723c751e8b465ee728b)
Start importing Assets/Prefabs/Castle 1.prefab using Guid(5983c3437c48605449c27a83a9368942) Importer(815301076,1909f56bfc062723c751e8b465ee728b)  -> (artifact id: '948c97ddecf445a79dfc5ff21fd915dc') in 0.012921 seconds 
  Import took 0.015168 seconds .

========================================================================
Received Import Request.
  Time since last request: 1.994109 seconds.
  path: Assets/Prefabs/Castle 1.prefab
  artifactKey: Guid(5983c3437c48605449c27a83a9368942) Importer(815301076,1909f56bfc062723c751e8b465ee728b)
Start importing Assets/Prefabs/Castle 1.prefab using Guid(5983c3437c48605449c27a83a9368942) Importer(815301076,1909f56bfc062723c751e8b465ee728b)  -> (artifact id: 'f77e44c388dc702da1dc929dbb96f3de') in 0.014745 seconds 
  Import took 0.017135 seconds .

========================================================================
Received Import Request.
  Time since last request: 1.387445 seconds.
  path: Assets/Prefabs/Castle 1.prefab
  artifactKey: Guid(5983c3437c48605449c27a83a9368942) Importer(815301076,1909f56bfc062723c751e8b465ee728b)
Start importing Assets/Prefabs/Castle 1.prefab using Guid(5983c3437c48605449c27a83a9368942) Importer(815301076,1909f56bfc062723c751e8b465ee728b)  -> (artifact id: '73de41a4f44e337766b2265a74e0e1a7') in 0.012160 seconds 
  Import took 0.014606 seconds .

========================================================================
Received Import Request.
  Time since last request: 1.396173 seconds.
  path: Assets/Prefabs/Castle 1.prefab
  artifactKey: Guid(5983c3437c48605449c27a83a9368942) Importer(815301076,1909f56bfc062723c751e8b465ee728b)
Start importing Assets/Prefabs/Castle 1.prefab using Guid(5983c3437c48605449c27a83a9368942) Importer(815301076,1909f56bfc062723c751e8b465ee728b)  -> (artifact id: 'c8e5a8f3adc12e7625b2528a0c4f0feb') in 0.011472 seconds 
  Import took 0.013699 seconds .

========================================================================
Received Import Request.
  Time since last request: 1.800995 seconds.
  path: Assets/Prefabs/Castle 1.prefab
  artifactKey: Guid(5983c3437c48605449c27a83a9368942) Importer(815301076,1909f56bfc062723c751e8b465ee728b)
Start importing Assets/Prefabs/Castle 1.prefab using Guid(5983c3437c48605449c27a83a9368942) Importer(815301076,1909f56bfc062723c751e8b465ee728b)  -> (artifact id: 'a9db3e088efaa544bb0fb840f688b79c') in 0.012279 seconds 
  Import took 0.014584 seconds .

========================================================================
Received Import Request.
  Time since last request: 1.807837 seconds.
  path: Assets/Prefabs/Castle 1.prefab
  artifactKey: Guid(5983c3437c48605449c27a83a9368942) Importer(815301076,1909f56bfc062723c751e8b465ee728b)
Start importing Assets/Prefabs/Castle 1.prefab using Guid(5983c3437c48605449c27a83a9368942) Importer(815301076,1909f56bfc062723c751e8b465ee728b)  -> (artifact id: 'c58c1091a8c78fe5b7f79dba77e84b6d') in 0.011383 seconds 
  Import took 0.013707 seconds .

========================================================================
Received Import Request.
  Time since last request: 0.986927 seconds.
  path: Assets/Prefabs/Castle 1.prefab
  artifactKey: Guid(5983c3437c48605449c27a83a9368942) Importer(815301076,1909f56bfc062723c751e8b465ee728b)
Start importing Assets/Prefabs/Castle 1.prefab using Guid(5983c3437c48605449c27a83a9368942) Importer(815301076,1909f56bfc062723c751e8b465ee728b)  -> (artifact id: '38d150b5916f0cfd334760977a232f15') in 0.011131 seconds 
  Import took 0.013508 seconds .

========================================================================
Received Import Request.
  Time since last request: 2.409531 seconds.
  path: Assets/Prefabs/Castle 1.prefab
  artifactKey: Guid(5983c3437c48605449c27a83a9368942) Importer(815301076,1909f56bfc062723c751e8b465ee728b)
Start importing Assets/Prefabs/Castle 1.prefab using Guid(5983c3437c48605449c27a83a9368942) Importer(815301076,1909f56bfc062723c751e8b465ee728b)  -> (artifact id: '3ba651f662da392e59e888910f7cd0ba') in 0.013179 seconds 
  Import took 0.015451 seconds .

========================================================================
Received Import Request.
  Time since last request: 0.787865 seconds.
  path: Assets/Prefabs/Castle 1.prefab
  artifactKey: Guid(5983c3437c48605449c27a83a9368942) Importer(815301076,1909f56bfc062723c751e8b465ee728b)
Start importing Assets/Prefabs/Castle 1.prefab using Guid(5983c3437c48605449c27a83a9368942) Importer(815301076,1909f56bfc062723c751e8b465ee728b)  -> (artifact id: 'e6d63c223ffe3b876ee0b3fc1d61e350') in 0.011340 seconds 
  Import took 0.013810 seconds .

========================================================================
Received Import Request.
  Time since last request: 2.402866 seconds.
  path: Assets/Prefabs/Castle 1.prefab
  artifactKey: Guid(5983c3437c48605449c27a83a9368942) Importer(815301076,1909f56bfc062723c751e8b465ee728b)
Start importing Assets/Prefabs/Castle 1.prefab using Guid(5983c3437c48605449c27a83a9368942) Importer(815301076,1909f56bfc062723c751e8b465ee728b)  -> (artifact id: 'c6c819a0e244a3239eb9b118ddb120d7') in 0.011939 seconds 
  Import took 0.014326 seconds .

========================================================================
Received Import Request.
  Time since last request: 1.604278 seconds.
  path: Assets/Prefabs/Castle 1.prefab
  artifactKey: Guid(5983c3437c48605449c27a83a9368942) Importer(815301076,1909f56bfc062723c751e8b465ee728b)
Start importing Assets/Prefabs/Castle 1.prefab using Guid(5983c3437c48605449c27a83a9368942) Importer(815301076,1909f56bfc062723c751e8b465ee728b)  -> (artifact id: 'd532bed5e3ade62ec0527955ac8db575') in 0.012136 seconds 
  Import took 0.014553 seconds .

========================================================================
Received Import Request.
  Time since last request: 3.003765 seconds.
  path: Assets/Prefabs/Castle 1.prefab
  artifactKey: Guid(5983c3437c48605449c27a83a9368942) Importer(815301076,1909f56bfc062723c751e8b465ee728b)
Start importing Assets/Prefabs/Castle 1.prefab using Guid(5983c3437c48605449c27a83a9368942) Importer(815301076,1909f56bfc062723c751e8b465ee728b)  -> (artifact id: 'a75fa1eb36ed2614b52985a2fc9ad4d7') in 0.010937 seconds 
  Import took 0.013248 seconds .

========================================================================
Received Import Request.
  Time since last request: 1.419859 seconds.
  path: Assets/Prefabs/Castle 1.prefab
  artifactKey: Guid(5983c3437c48605449c27a83a9368942) Importer(815301076,1909f56bfc062723c751e8b465ee728b)
Start importing Assets/Prefabs/Castle 1.prefab using Guid(5983c3437c48605449c27a83a9368942) Importer(815301076,1909f56bfc062723c751e8b465ee728b)  -> (artifact id: '64832ef6d9973e88cebb4e804ba4f92a') in 0.011990 seconds 
  Import took 0.014269 seconds .

========================================================================
Received Import Request.
  Time since last request: 1.398980 seconds.
  path: Assets/Prefabs/Castle 1.prefab
  artifactKey: Guid(5983c3437c48605449c27a83a9368942) Importer(815301076,1909f56bfc062723c751e8b465ee728b)
Start importing Assets/Prefabs/Castle 1.prefab using Guid(5983c3437c48605449c27a83a9368942) Importer(815301076,1909f56bfc062723c751e8b465ee728b)  -> (artifact id: 'a87d1d782c7f28483889574e5420d47c') in 0.012227 seconds 
  Import took 0.014535 seconds .

========================================================================
Received Import Request.
  Time since last request: 5.832501 seconds.
  path: Assets/Prefabs/Materials
  artifactKey: Guid(3de74f8129390f24e94a4dd84d0d3bf8) Importer(815301076,1909f56bfc062723c751e8b465ee728b)
Start importing Assets/Prefabs/Materials using Guid(3de74f8129390f24e94a4dd84d0d3bf8) Importer(815301076,1909f56bfc062723c751e8b465ee728b)  -> (artifact id: 'b2c6e100f5e4045db899a246b0e9d770') in 0.007401 seconds 
  Import took 0.009260 seconds .

========================================================================
Received Prepare
Registering precompiled user dll's ...
Registered in 0.001568 seconds.
Begin MonoManager ReloadAssembly
Native extension for WindowsStandalone target not found
Native extension for WebGL target not found
Refreshing native plugins compatible for Editor in 0.28 ms, found 2 plugins.
Preloading 0 native plugins for Editor in 0.00 ms.
Mono: successfully reloaded assembly
- Completed reload, in  0.593 seconds
Domain Reload Profiling:
	ReloadAssembly (594ms)
		BeginReloadAssembly (76ms)
			ExecutionOrderSort (0ms)
			DisableScriptedObjects (3ms)
			BackupInstance (0ms)
			ReleaseScriptingObjects (0ms)
			CreateAndSetChildDomain (23ms)
		EndReloadAssembly (478ms)
			LoadAssemblies (51ms)
			RebuildTransferFunctionScriptingTraits (0ms)
			SetupTypeCache (145ms)
			ReleaseScriptCaches (1ms)
			RebuildScriptCaches (26ms)
			SetupLoadedEditorAssemblies (195ms)
				LogAssemblyErrors (0ms)
				InitializePlatformSupportModulesInManaged (5ms)
				SetLoadedEditorAssemblies (0ms)
				RefreshPlugins (0ms)
				BeforeProcessingInitializeOnLoad (45ms)
				ProcessInitializeOnLoadAttributes (138ms)
				ProcessInitializeOnLoadMethodAttributes (3ms)
				AfterProcessingInitializeOnLoad (5ms)
				EditorAssembliesLoaded (0ms)
			ExecutionOrderSort2 (0ms)
			AwakeInstancesAfterBackupRestoration (5ms)
Platform modules already initialized, skipping
Refreshing native plugins compatible for Editor in 0.32 ms, found 2 plugins.
Preloading 0 native plugins for Editor in 0.00 ms.
Unloading 1317 Unused Serialized files (Serialized files now loaded: 0)
System memory in use before: 67.6 MB.
System memory in use after: 67.7 MB.

Unloading 12 unused Assets to reduce memory usage. Loaded Objects now: 1844.
Total: 1.753000 ms (FindLiveObjects: 0.172800 ms CreateObjectMapping: 0.046000 ms MarkObjects: 1.514600 ms  DeleteObjects: 0.018900 ms)

AssetImportParameters requested are different than current active one (requested -> active):
  custom:framework-win-MediaFoundation: 216162199b28c13a410421893ffa2e32 -> 
  custom:video-decoder-ogg-theora: a1e56fd34408186e4bbccfd4996cb3dc -> 
  custom:container-muxer-webm: aa71ff27fc2769a1b78a27578f13a17b -> 
  custom:container-demuxer-webm: 4f35f7cbe854078d1ac9338744f61a02 -> 
  custom:container-demuxer-ogg: 62fdf1f143b41e24485cea50d1cbac27 -> 
  custom:video-encoder-webm-vp8: eb34c28f22e8b96e1ab97ce403110664 -> 
  custom:video-codec-MediaFoundation-h265: 746d11721c4dcdbdad8f713fa42b33f4 -> 
  custom:video-decoder-webm-vp8: 9c59270c3fd7afecdb556c50c9e8de78 -> 
  custom:audio-decoder-ogg-vorbis: bf7c407c2cedff20999df2af8eb42d56 -> 
  custom:audio-encoder-webm-vorbis: bf7c407c2cedff20999df2af8eb42d56 -> 
========================================================================
Received Import Request.
  Time since last request: 77.530148 seconds.
  path: Assets/Prefabs/projectile.prefab
  artifactKey: Guid(3592c812ed6b73948858debcc3b65e85) Importer(815301076,1909f56bfc062723c751e8b465ee728b)
Start importing Assets/Prefabs/projectile.prefab using Guid(3592c812ed6b73948858debcc3b65e85) Importer(815301076,1909f56bfc062723c751e8b465ee728b)  -> (artifact id: 'bd05a0acfe53d09394625a999897c71d') in 0.044017 seconds 
  Import took 0.045906 seconds .

========================================================================
Received Prepare
Registering precompiled user dll's ...
Registered in 0.001432 seconds.
Begin MonoManager ReloadAssembly
Native extension for WindowsStandalone target not found
Native extension for WebGL target not found
Refreshing native plugins compatible for Editor in 0.27 ms, found 2 plugins.
Preloading 0 native plugins for Editor in 0.00 ms.
Mono: successfully reloaded assembly
- Completed reload, in  0.573 seconds
Domain Reload Profiling:
	ReloadAssembly (573ms)
		BeginReloadAssembly (79ms)
			ExecutionOrderSort (0ms)
			DisableScriptedObjects (3ms)
			BackupInstance (0ms)
			ReleaseScriptingObjects (0ms)
			CreateAndSetChildDomain (22ms)
		EndReloadAssembly (455ms)
			LoadAssemblies (51ms)
			RebuildTransferFunctionScriptingTraits (0ms)
			SetupTypeCache (149ms)
			ReleaseScriptCaches (1ms)
			RebuildScriptCaches (21ms)
			SetupLoadedEditorAssemblies (180ms)
				LogAssemblyErrors (0ms)
				InitializePlatformSupportModulesInManaged (4ms)
				SetLoadedEditorAssemblies (0ms)
				RefreshPlugins (0ms)
				BeforeProcessingInitializeOnLoad (43ms)
				ProcessInitializeOnLoadAttributes (126ms)
				ProcessInitializeOnLoadMethodAttributes (2ms)
				AfterProcessingInitializeOnLoad (4ms)
				EditorAssembliesLoaded (0ms)
			ExecutionOrderSort2 (0ms)
			AwakeInstancesAfterBackupRestoration (4ms)
Platform modules already initialized, skipping
Refreshing native plugins compatible for Editor in 0.15 ms, found 2 plugins.
Preloading 0 native plugins for Editor in 0.00 ms.
Unloading 1317 Unused Serialized files (Serialized files now loaded: 0)
System memory in use before: 67.6 MB.
System memory in use after: 67.7 MB.

Unloading 11 unused Assets to reduce memory usage. Loaded Objects now: 1848.
Total: 1.853200 ms (FindLiveObjects: 0.143200 ms CreateObjectMapping: 0.037500 ms MarkObjects: 1.654700 ms  DeleteObjects: 0.017000 ms)

AssetImportParameters requested are different than current active one (requested -> active):
  custom:framework-win-MediaFoundation: 216162199b28c13a410421893ffa2e32 -> 
  custom:video-decoder-ogg-theora: a1e56fd34408186e4bbccfd4996cb3dc -> 
  custom:container-muxer-webm: aa71ff27fc2769a1b78a27578f13a17b -> 
  custom:container-demuxer-webm: 4f35f7cbe854078d1ac9338744f61a02 -> 
  custom:container-demuxer-ogg: 62fdf1f143b41e24485cea50d1cbac27 -> 
  custom:video-encoder-webm-vp8: eb34c28f22e8b96e1ab97ce403110664 -> 
  custom:video-codec-MediaFoundation-h265: 746d11721c4dcdbdad8f713fa42b33f4 -> 
  custom:video-decoder-webm-vp8: 9c59270c3fd7afecdb556c50c9e8de78 -> 
  custom:audio-decoder-ogg-vorbis: bf7c407c2cedff20999df2af8eb42d56 -> 
  custom:audio-encoder-webm-vorbis: bf7c407c2cedff20999df2af8eb42d56 -> 
========================================================================
Received Import Request.
  Time since last request: 19.401968 seconds.
  path: Assets/Prefabs/projectile.prefab
  artifactKey: Guid(3592c812ed6b73948858debcc3b65e85) Importer(815301076,1909f56bfc062723c751e8b465ee728b)
Start importing Assets/Prefabs/projectile.prefab using Guid(3592c812ed6b73948858debcc3b65e85) Importer(815301076,1909f56bfc062723c751e8b465ee728b)  -> (artifact id: 'a68a7de68adad7a8e12be672a20536f8') in 0.034377 seconds 
  Import took 0.036188 seconds .

========================================================================
Received Prepare
Registering precompiled user dll's ...
Registered in 0.001456 seconds.
Begin MonoManager ReloadAssembly
Native extension for WindowsStandalone target not found
Native extension for WebGL target not found
Refreshing native plugins compatible for Editor in 0.34 ms, found 2 plugins.
Preloading 0 native plugins for Editor in 0.00 ms.
Mono: successfully reloaded assembly
- Completed reload, in  0.744 seconds
Domain Reload Profiling:
	ReloadAssembly (744ms)
		BeginReloadAssembly (86ms)
			ExecutionOrderSort (0ms)
			DisableScriptedObjects (3ms)
			BackupInstance (0ms)
			ReleaseScriptingObjects (0ms)
			CreateAndSetChildDomain (30ms)
		EndReloadAssembly (592ms)
			LoadAssemblies (65ms)
			RebuildTransferFunctionScriptingTraits (0ms)
			SetupTypeCache (217ms)
			ReleaseScriptCaches (1ms)
			RebuildScriptCaches (28ms)
			SetupLoadedEditorAssemblies (209ms)
				LogAssemblyErrors (0ms)
				InitializePlatformSupportModulesInManaged (5ms)
				SetLoadedEditorAssemblies (0ms)
				RefreshPlugins (0ms)
				BeforeProcessingInitializeOnLoad (51ms)
				ProcessInitializeOnLoadAttributes (145ms)
				ProcessInitializeOnLoadMethodAttributes (3ms)
				AfterProcessingInitializeOnLoad (5ms)
				EditorAssembliesLoaded (0ms)
			ExecutionOrderSort2 (0ms)
			AwakeInstancesAfterBackupRestoration (5ms)
Platform modules already initialized, skipping
Refreshing native plugins compatible for Editor in 0.28 ms, found 2 plugins.
Preloading 0 native plugins for Editor in 0.00 ms.
Unloading 1318 Unused Serialized files (Serialized files now loaded: 0)
System memory in use before: 67.6 MB.
System memory in use after: 67.7 MB.

Unloading 11 unused Assets to reduce memory usage. Loaded Objects now: 1853.
Total: 1.824700 ms (FindLiveObjects: 0.187100 ms CreateObjectMapping: 0.044900 ms MarkObjects: 1.576200 ms  DeleteObjects: 0.015700 ms)

AssetImportParameters requested are different than current active one (requested -> active):
  custom:framework-win-MediaFoundation: 216162199b28c13a410421893ffa2e32 -> 
  custom:video-decoder-ogg-theora: a1e56fd34408186e4bbccfd4996cb3dc -> 
  custom:container-muxer-webm: aa71ff27fc2769a1b78a27578f13a17b -> 
  custom:container-demuxer-webm: 4f35f7cbe854078d1ac9338744f61a02 -> 
  custom:container-demuxer-ogg: 62fdf1f143b41e24485cea50d1cbac27 -> 
  custom:video-encoder-webm-vp8: eb34c28f22e8b96e1ab97ce403110664 -> 
  custom:video-codec-MediaFoundation-h265: 746d11721c4dcdbdad8f713fa42b33f4 -> 
  custom:video-decoder-webm-vp8: 9c59270c3fd7afecdb556c50c9e8de78 -> 
  custom:audio-decoder-ogg-vorbis: bf7c407c2cedff20999df2af8eb42d56 -> 
  custom:audio-encoder-webm-vorbis: bf7c407c2cedff20999df2af8eb42d56 -> 
========================================================================
Received Import Request.
  Time since last request: 142.992487 seconds.
  path: Assets/Scripts/MissionDemolition.cs
  artifactKey: Guid(7390ae92784868340ba67786432db665) Importer(815301076,1909f56bfc062723c751e8b465ee728b)
Start importing Assets/Scripts/MissionDemolition.cs using Guid(7390ae92784868340ba67786432db665) Importer(815301076,1909f56bfc062723c751e8b465ee728b)  -> (artifact id: 'bf6437a0c923bc7849359020c3e3a745') in 0.009038 seconds 
  Import took 0.010868 seconds .

========================================================================
Received Prepare
Registering precompiled user dll's ...
Registered in 0.041562 seconds.
Begin MonoManager ReloadAssembly
Native extension for WindowsStandalone target not found
Native extension for WebGL target not found
Refreshing native plugins compatible for Editor in 0.30 ms, found 2 plugins.
Preloading 0 native plugins for Editor in 0.00 ms.
Mono: successfully reloaded assembly
- Completed reload, in  0.630 seconds
Domain Reload Profiling:
	ReloadAssembly (630ms)
		BeginReloadAssembly (86ms)
			ExecutionOrderSort (0ms)
			DisableScriptedObjects (3ms)
			BackupInstance (0ms)
			ReleaseScriptingObjects (0ms)
			CreateAndSetChildDomain (24ms)
		EndReloadAssembly (502ms)
			LoadAssemblies (55ms)
			RebuildTransferFunctionScriptingTraits (0ms)
			SetupTypeCache (160ms)
			ReleaseScriptCaches (1ms)
			RebuildScriptCaches (28ms)
			SetupLoadedEditorAssemblies (198ms)
				LogAssemblyErrors (0ms)
				InitializePlatformSupportModulesInManaged (4ms)
				SetLoadedEditorAssemblies (0ms)
				RefreshPlugins (0ms)
				BeforeProcessingInitializeOnLoad (49ms)
				ProcessInitializeOnLoadAttributes (137ms)
				ProcessInitializeOnLoadMethodAttributes (3ms)
				AfterProcessingInitializeOnLoad (4ms)
				EditorAssembliesLoaded (0ms)
			ExecutionOrderSort2 (0ms)
			AwakeInstancesAfterBackupRestoration (5ms)
Platform modules already initialized, skipping
Refreshing native plugins compatible for Editor in 0.31 ms, found 2 plugins.
Preloading 0 native plugins for Editor in 0.00 ms.
Unloading 1318 Unused Serialized files (Serialized files now loaded: 0)
System memory in use before: 67.6 MB.
System memory in use after: 67.7 MB.

Unloading 11 unused Assets to reduce memory usage. Loaded Objects now: 1856.
Total: 1.674000 ms (FindLiveObjects: 0.156600 ms CreateObjectMapping: 0.031200 ms MarkObjects: 1.470300 ms  DeleteObjects: 0.015300 ms)

AssetImportParameters requested are different than current active one (requested -> active):
  custom:framework-win-MediaFoundation: 216162199b28c13a410421893ffa2e32 -> 
  custom:video-decoder-ogg-theora: a1e56fd34408186e4bbccfd4996cb3dc -> 
  custom:container-muxer-webm: aa71ff27fc2769a1b78a27578f13a17b -> 
  custom:container-demuxer-webm: 4f35f7cbe854078d1ac9338744f61a02 -> 
  custom:container-demuxer-ogg: 62fdf1f143b41e24485cea50d1cbac27 -> 
  custom:video-encoder-webm-vp8: eb34c28f22e8b96e1ab97ce403110664 -> 
  custom:video-codec-MediaFoundation-h265: 746d11721c4dcdbdad8f713fa42b33f4 -> 
  custom:video-decoder-webm-vp8: 9c59270c3fd7afecdb556c50c9e8de78 -> 
  custom:audio-decoder-ogg-vorbis: bf7c407c2cedff20999df2af8eb42d56 -> 
  custom:audio-encoder-webm-vorbis: bf7c407c2cedff20999df2af8eb42d56 -> 
========================================================================
Received Import Request.
  Time since last request: 1333.282015 seconds.
  path: Assets/Scripts/Slingshot.cs
  artifactKey: Guid(df4d87ac0eefe2b47aa079d89dbd7b12) Importer(815301076,1909f56bfc062723c751e8b465ee728b)
Start importing Assets/Scripts/Slingshot.cs using Guid(df4d87ac0eefe2b47aa079d89dbd7b12) Importer(815301076,1909f56bfc062723c751e8b465ee728b)  -> (artifact id: '0afea3d8f6e6ac464dd1ee3f2458ec99') in 0.009459 seconds 
  Import took 0.011670 seconds .

========================================================================
Received Import Request.
  Time since last request: 0.010424 seconds.
  path: Assets/Scripts/Slingshot.cs
  artifactKey: Guid(df4d87ac0eefe2b47aa079d89dbd7b12) Importer(815301076,1909f56bfc062723c751e8b465ee728b)
Start importing Assets/Scripts/Slingshot.cs using Guid(df4d87ac0eefe2b47aa079d89dbd7b12) Importer(815301076,1909f56bfc062723c751e8b465ee728b)  -> (artifact id: '0afea3d8f6e6ac464dd1ee3f2458ec99') in 0.001756 seconds 
  Import took 0.003461 seconds .

========================================================================
Received Import Request.
  Time since last request: 20.380530 seconds.
  path: Assets/Scripts/Slingshot.cs
  artifactKey: Guid(df4d87ac0eefe2b47aa079d89dbd7b12) Importer(815301076,1909f56bfc062723c751e8b465ee728b)
Start importing Assets/Scripts/Slingshot.cs using Guid(df4d87ac0eefe2b47aa079d89dbd7b12) Importer(815301076,1909f56bfc062723c751e8b465ee728b)  -> (artifact id: 'caa5cc255cd2a51c010c25230ac4166a') in 0.001868 seconds 
  Import took 0.003875 seconds .

========================================================================
Received Prepare
Registering precompiled user dll's ...
Registered in 0.001447 seconds.
Begin MonoManager ReloadAssembly
Native extension for WindowsStandalone target not found
Native extension for WebGL target not found
Refreshing native plugins compatible for Editor in 0.28 ms, found 2 plugins.
Preloading 0 native plugins for Editor in 0.00 ms.
Mono: successfully reloaded assembly
- Completed reload, in  0.609 seconds
Domain Reload Profiling:
	ReloadAssembly (609ms)
		BeginReloadAssembly (84ms)
			ExecutionOrderSort (0ms)
			DisableScriptedObjects (3ms)
			BackupInstance (0ms)
			ReleaseScriptingObjects (0ms)
			CreateAndSetChildDomain (23ms)
		EndReloadAssembly (487ms)
			LoadAssemblies (53ms)
			RebuildTransferFunctionScriptingTraits (0ms)
			SetupTypeCache (160ms)
			ReleaseScriptCaches (1ms)
			RebuildScriptCaches (24ms)
			SetupLoadedEditorAssemblies (188ms)
				LogAssemblyErrors (0ms)
				InitializePlatformSupportModulesInManaged (4ms)
				SetLoadedEditorAssemblies (0ms)
				RefreshPlugins (0ms)
				BeforeProcessingInitializeOnLoad (46ms)
				ProcessInitializeOnLoadAttributes (130ms)
				ProcessInitializeOnLoadMethodAttributes (3ms)
				AfterProcessingInitializeOnLoad (4ms)
				EditorAssembliesLoaded (0ms)
			ExecutionOrderSort2 (0ms)
			AwakeInstancesAfterBackupRestoration (5ms)
Platform modules already initialized, skipping
Refreshing native plugins compatible for Editor in 0.24 ms, found 2 plugins.
Preloading 0 native plugins for Editor in 0.00 ms.
Unloading 1318 Unused Serialized files (Serialized files now loaded: 0)
System memory in use before: 67.6 MB.
System memory in use after: 67.7 MB.

Unloading 11 unused Assets to reduce memory usage. Loaded Objects now: 1859.
Total: 1.700800 ms (FindLiveObjects: 0.135700 ms CreateObjectMapping: 0.028500 ms MarkObjects: 1.521700 ms  DeleteObjects: 0.014400 ms)

AssetImportParameters requested are different than current active one (requested -> active):
  custom:framework-win-MediaFoundation: 216162199b28c13a410421893ffa2e32 -> 
  custom:video-decoder-ogg-theora: a1e56fd34408186e4bbccfd4996cb3dc -> 
  custom:container-muxer-webm: aa71ff27fc2769a1b78a27578f13a17b -> 
  custom:container-demuxer-webm: 4f35f7cbe854078d1ac9338744f61a02 -> 
  custom:container-demuxer-ogg: 62fdf1f143b41e24485cea50d1cbac27 -> 
  custom:video-encoder-webm-vp8: eb34c28f22e8b96e1ab97ce403110664 -> 
  custom:video-codec-MediaFoundation-h265: 746d11721c4dcdbdad8f713fa42b33f4 -> 
  custom:video-decoder-webm-vp8: 9c59270c3fd7afecdb556c50c9e8de78 -> 
  custom:audio-decoder-ogg-vorbis: bf7c407c2cedff20999df2af8eb42d56 -> 
  custom:audio-encoder-webm-vorbis: bf7c407c2cedff20999df2af8eb42d56 -> 
========================================================================
Received Import Request.
  Time since last request: 80.334120 seconds.
  path: Assets/Scripts/MissionDemolition.cs
  artifactKey: Guid(7390ae92784868340ba67786432db665) Importer(815301076,1909f56bfc062723c751e8b465ee728b)
Start importing Assets/Scripts/MissionDemolition.cs using Guid(7390ae92784868340ba67786432db665) Importer(815301076,1909f56bfc062723c751e8b465ee728b)  -> (artifact id: 'a1184a07e6a472af594ae7fc309fa86e') in 0.010000 seconds 
  Import took 0.011856 seconds .

========================================================================
Received Import Request.
  Time since last request: 122.017586 seconds.
  path: Assets/Prefabs/projectile.prefab
  artifactKey: Guid(3592c812ed6b73948858debcc3b65e85) Importer(815301076,1909f56bfc062723c751e8b465ee728b)
Start importing Assets/Prefabs/projectile.prefab using Guid(3592c812ed6b73948858debcc3b65e85) Importer(815301076,1909f56bfc062723c751e8b465ee728b)  -> (artifact id: '0626d813f5ddf72d03a833fa24bc70a2') in 0.048407 seconds 
  Import took 0.050310 seconds .

========================================================================
Received Import Request.
  Time since last request: 107.465082 seconds.
  path: Assets/Scripts/FollowCam.cs
  artifactKey: Guid(6ab512d921d1e0845be40a0a97f842d2) Importer(815301076,1909f56bfc062723c751e8b465ee728b)
Start importing Assets/Scripts/FollowCam.cs using Guid(6ab512d921d1e0845be40a0a97f842d2) Importer(815301076,1909f56bfc062723c751e8b465ee728b)  -> (artifact id: 'b00c60757c026bd9ff0f2622031fa256') in 0.007297 seconds 
  Import took 0.009226 seconds .

========================================================================
Received Import Request.
  Time since last request: 82.414806 seconds.
  path: Assets/Scripts/FollowCam.cs
  artifactKey: Guid(6ab512d921d1e0845be40a0a97f842d2) Importer(815301076,1909f56bfc062723c751e8b465ee728b)
Start importing Assets/Scripts/FollowCam.cs using Guid(6ab512d921d1e0845be40a0a97f842d2) Importer(815301076,1909f56bfc062723c751e8b465ee728b)  -> (artifact id: '92c4f4a95d3850baec0a382471279ef4') in 0.001804 seconds 
  Import took 0.004050 seconds .

========================================================================
Received Import Request.
  Time since last request: 244.353220 seconds.
  path: Assets/Scripts/FollowCam.cs
  artifactKey: Guid(6ab512d921d1e0845be40a0a97f842d2) Importer(815301076,1909f56bfc062723c751e8b465ee728b)
Start importing Assets/Scripts/FollowCam.cs using Guid(6ab512d921d1e0845be40a0a97f842d2) Importer(815301076,1909f56bfc062723c751e8b465ee728b)  -> (artifact id: 'aab222ea013d5201e19aed21bf73ed24') in 0.001720 seconds 
  Import took 0.003802 seconds .

========================================================================
Received Import Request.
  Time since last request: 68.463740 seconds.
  path: Assets/Scripts/FollowCam.cs
  artifactKey: Guid(6ab512d921d1e0845be40a0a97f842d2) Importer(815301076,1909f56bfc062723c751e8b465ee728b)
Start importing Assets/Scripts/FollowCam.cs using Guid(6ab512d921d1e0845be40a0a97f842d2) Importer(815301076,1909f56bfc062723c751e8b465ee728b)  -> (artifact id: '04a2e85548944d26e5b38f24330cc577') in 0.001971 seconds 
  Import took 0.003960 seconds .

========================================================================
Received Prepare
Registering precompiled user dll's ...
Registered in 0.001335 seconds.
Begin MonoManager ReloadAssembly
Native extension for WindowsStandalone target not found
Native extension for WebGL target not found
Refreshing native plugins compatible for Editor in 0.28 ms, found 2 plugins.
Preloading 0 native plugins for Editor in 0.00 ms.
Mono: successfully reloaded assembly
- Completed reload, in  0.564 seconds
Domain Reload Profiling:
	ReloadAssembly (565ms)
		BeginReloadAssembly (74ms)
			ExecutionOrderSort (0ms)
			DisableScriptedObjects (3ms)
			BackupInstance (0ms)
			ReleaseScriptingObjects (0ms)
			CreateAndSetChildDomain (23ms)
		EndReloadAssembly (452ms)
			LoadAssemblies (51ms)
			RebuildTransferFunctionScriptingTraits (0ms)
			SetupTypeCache (146ms)
			ReleaseScriptCaches (1ms)
			RebuildScriptCaches (21ms)
			SetupLoadedEditorAssemblies (178ms)
				LogAssemblyErrors (0ms)
				InitializePlatformSupportModulesInManaged (4ms)
				SetLoadedEditorAssemblies (0ms)
				RefreshPlugins (0ms)
				BeforeProcessingInitializeOnLoad (43ms)
				ProcessInitializeOnLoadAttributes (124ms)
				ProcessInitializeOnLoadMethodAttributes (2ms)
				AfterProcessingInitializeOnLoad (4ms)
				EditorAssembliesLoaded (0ms)
			ExecutionOrderSort2 (0ms)
			AwakeInstancesAfterBackupRestoration (4ms)
Platform modules already initialized, skipping
Refreshing native plugins compatible for Editor in 0.29 ms, found 2 plugins.
Preloading 0 native plugins for Editor in 0.00 ms.
Unloading 1318 Unused Serialized files (Serialized files now loaded: 0)
System memory in use before: 67.6 MB.
System memory in use after: 67.7 MB.

Unloading 11 unused Assets to reduce memory usage. Loaded Objects now: 1863.
Total: 1.613200 ms (FindLiveObjects: 0.145800 ms CreateObjectMapping: 0.032600 ms MarkObjects: 1.418800 ms  DeleteObjects: 0.015500 ms)

AssetImportParameters requested are different than current active one (requested -> active):
  custom:framework-win-MediaFoundation: 216162199b28c13a410421893ffa2e32 -> 
  custom:video-decoder-ogg-theora: a1e56fd34408186e4bbccfd4996cb3dc -> 
  custom:container-muxer-webm: aa71ff27fc2769a1b78a27578f13a17b -> 
  custom:container-demuxer-webm: 4f35f7cbe854078d1ac9338744f61a02 -> 
  custom:container-demuxer-ogg: 62fdf1f143b41e24485cea50d1cbac27 -> 
  custom:video-encoder-webm-vp8: eb34c28f22e8b96e1ab97ce403110664 -> 
  custom:video-codec-MediaFoundation-h265: 746d11721c4dcdbdad8f713fa42b33f4 -> 
  custom:video-decoder-webm-vp8: 9c59270c3fd7afecdb556c50c9e8de78 -> 
  custom:audio-decoder-ogg-vorbis: bf7c407c2cedff20999df2af8eb42d56 -> 
  custom:audio-encoder-webm-vorbis: bf7c407c2cedff20999df2af8eb42d56 -> 
========================================================================
Received Import Request.
  Time since last request: 173.116075 seconds.
  path: Packages/com.unity.textmeshpro/Editor Resources/Textures/btn_AlignBaseLine.psd
  artifactKey: Guid(8bc445bb79654bf496c92d0407840a92) Importer(815301076,1909f56bfc062723c751e8b465ee728b)
Start importing Packages/com.unity.textmeshpro/Editor Resources/Textures/btn_AlignBaseLine.psd using Guid(8bc445bb79654bf496c92d0407840a92) Importer(815301076,1909f56bfc062723c751e8b465ee728b)  -> (artifact id: '2ce2a9a0e1d16a2c86ae91953462ea95') in 0.027782 seconds 
  Import took 0.029752 seconds .

========================================================================
Received Import Request.
  Time since last request: 0.000158 seconds.
  path: Packages/com.unity.textmeshpro/Editor Resources/Textures/btn_AlignBaseLine_Light.psd
  artifactKey: Guid(18775b51e3bd42299fd30bd036ea982f) Importer(815301076,1909f56bfc062723c751e8b465ee728b)
Start importing Packages/com.unity.textmeshpro/Editor Resources/Textures/btn_AlignBaseLine_Light.psd using Guid(18775b51e3bd42299fd30bd036ea982f) Importer(815301076,1909f56bfc062723c751e8b465ee728b)  -> (artifact id: '0e37d8262163311d45dbbfd4c1bd04e9') in 0.007879 seconds 
  Import took 0.009472 seconds .

========================================================================
Received Import Request.
  Time since last request: 0.000157 seconds.
  path: Packages/com.unity.textmeshpro/Editor Resources/Textures/btn_AlignCapLine.psd
  artifactKey: Guid(0d9a36012a224080966c7b55896aa0f9) Importer(815301076,1909f56bfc062723c751e8b465ee728b)
Start importing Packages/com.unity.textmeshpro/Editor Resources/Textures/btn_AlignCapLine.psd using Guid(0d9a36012a224080966c7b55896aa0f9) Importer(815301076,1909f56bfc062723c751e8b465ee728b)  -> (artifact id: 'b051cab425c86ac2a3082bded8f91b1c') in 0.008477 seconds 
  Import took 0.010514 seconds .

========================================================================
Received Import Request.
  Time since last request: 0.000178 seconds.
  path: Packages/com.unity.textmeshpro/Editor Resources/Textures/btn_AlignBottom.psd
  artifactKey: Guid(ca51b19024094d1b87f3e07edb0a75fb) Importer(815301076,1909f56bfc062723c751e8b465ee728b)
Start importing Packages/com.unity.textmeshpro/Editor Resources/Textures/btn_AlignBottom.psd using Guid(ca51b19024094d1b87f3e07edb0a75fb) Importer(815301076,1909f56bfc062723c751e8b465ee728b)  -> (artifact id: 'bdc6271dde658801dc1319c839e3c69b') in 0.008431 seconds 
  Import took 0.010083 seconds .

========================================================================
Received Import Request.
  Time since last request: 0.000173 seconds.
  path: Packages/com.unity.textmeshpro/Editor Resources/Textures/btn_AlignBottom_Light.psd
  artifactKey: Guid(585b70cb75dd43efbfead809c30a1731) Importer(815301076,1909f56bfc062723c751e8b465ee728b)
Start importing Packages/com.unity.textmeshpro/Editor Resources/Textures/btn_AlignBottom_Light.psd using Guid(585b70cb75dd43efbfead809c30a1731) Importer(815301076,1909f56bfc062723c751e8b465ee728b)  -> (artifact id: '6f93c5341b3de3d9916dd56290019473') in 0.009735 seconds 
  Import took 0.011488 seconds .

========================================================================
Received Import Request.
  Time since last request: 0.000145 seconds.
  path: Packages/com.unity.textmeshpro/Editor Resources/Textures/btn_AlignCapLine_Light.psd
  artifactKey: Guid(49679f302ac6408697f6b9314a38985c) Importer(815301076,1909f56bfc062723c751e8b465ee728b)
Start importing Packages/com.unity.textmeshpro/Editor Resources/Textures/btn_AlignCapLine_Light.psd using Guid(49679f302ac6408697f6b9314a38985c) Importer(815301076,1909f56bfc062723c751e8b465ee728b)  -> (artifact id: '64cd22aa83e1a4ca945346f873ea74ca') in 0.008143 seconds 
  Import took 0.009723 seconds .

========================================================================
Received Prepare
Registering precompiled user dll's ...
Registered in 0.001343 seconds.
Begin MonoManager ReloadAssembly
Native extension for WindowsStandalone target not found
Native extension for WebGL target not found
Refreshing native plugins compatible for Editor in 0.27 ms, found 2 plugins.
Preloading 0 native plugins for Editor in 0.00 ms.
Mono: successfully reloaded assembly
- Completed reload, in  0.615 seconds
Domain Reload Profiling:
	ReloadAssembly (616ms)
		BeginReloadAssembly (91ms)
			ExecutionOrderSort (0ms)
			DisableScriptedObjects (4ms)
			BackupInstance (0ms)
			ReleaseScriptingObjects (0ms)
			CreateAndSetChildDomain (26ms)
		EndReloadAssembly (479ms)
			LoadAssemblies (56ms)
			RebuildTransferFunctionScriptingTraits (0ms)
			SetupTypeCache (164ms)
			ReleaseScriptCaches (1ms)
			RebuildScriptCaches (21ms)
			SetupLoadedEditorAssemblies (183ms)
				LogAssemblyErrors (0ms)
				InitializePlatformSupportModulesInManaged (4ms)
				SetLoadedEditorAssemblies (0ms)
				RefreshPlugins (0ms)
				BeforeProcessingInitializeOnLoad (44ms)
				ProcessInitializeOnLoadAttributes (127ms)
				ProcessInitializeOnLoadMethodAttributes (3ms)
				AfterProcessingInitializeOnLoad (5ms)
				EditorAssembliesLoaded (0ms)
			ExecutionOrderSort2 (0ms)
			AwakeInstancesAfterBackupRestoration (4ms)
Platform modules already initialized, skipping
Refreshing native plugins compatible for Editor in 0.23 ms, found 2 plugins.
Preloading 0 native plugins for Editor in 0.00 ms.
Unloading 1318 Unused Serialized files (Serialized files now loaded: 0)
System memory in use before: 67.6 MB.
System memory in use after: 67.8 MB.

Unloading 11 unused Assets to reduce memory usage. Loaded Objects now: 1868.
Total: 1.479300 ms (FindLiveObjects: 0.116800 ms CreateObjectMapping: 0.031600 ms MarkObjects: 1.316200 ms  DeleteObjects: 0.014200 ms)

AssetImportParameters requested are different than current active one (requested -> active):
  custom:framework-win-MediaFoundation: 216162199b28c13a410421893ffa2e32 -> 
  custom:video-decoder-ogg-theora: a1e56fd34408186e4bbccfd4996cb3dc -> 
  custom:container-muxer-webm: aa71ff27fc2769a1b78a27578f13a17b -> 
  custom:container-demuxer-webm: 4f35f7cbe854078d1ac9338744f61a02 -> 
  custom:container-demuxer-ogg: 62fdf1f143b41e24485cea50d1cbac27 -> 
  custom:video-encoder-webm-vp8: eb34c28f22e8b96e1ab97ce403110664 -> 
  custom:video-codec-MediaFoundation-h265: 746d11721c4dcdbdad8f713fa42b33f4 -> 
  custom:video-decoder-webm-vp8: 9c59270c3fd7afecdb556c50c9e8de78 -> 
  custom:audio-decoder-ogg-vorbis: bf7c407c2cedff20999df2af8eb42d56 -> 
  custom:audio-encoder-webm-vorbis: bf7c407c2cedff20999df2af8eb42d56 -> 
========================================================================
Received Prepare
Registering precompiled user dll's ...
Registered in 0.001649 seconds.
Begin MonoManager ReloadAssembly
Native extension for WindowsStandalone target not found
Native extension for WebGL target not found
Refreshing native plugins compatible for Editor in 0.27 ms, found 2 plugins.
Preloading 0 native plugins for Editor in 0.00 ms.
Mono: successfully reloaded assembly
- Completed reload, in  0.592 seconds
Domain Reload Profiling:
	ReloadAssembly (593ms)
		BeginReloadAssembly (88ms)
			ExecutionOrderSort (0ms)
			DisableScriptedObjects (3ms)
			BackupInstance (0ms)
			ReleaseScriptingObjects (0ms)
			CreateAndSetChildDomain (24ms)
		EndReloadAssembly (460ms)
			LoadAssemblies (58ms)
			RebuildTransferFunctionScriptingTraits (0ms)
			SetupTypeCache (152ms)
			ReleaseScriptCaches (1ms)
			RebuildScriptCaches (22ms)
			SetupLoadedEditorAssemblies (176ms)
				LogAssemblyErrors (0ms)
				InitializePlatformSupportModulesInManaged (4ms)
				SetLoadedEditorAssemblies (0ms)
				RefreshPlugins (0ms)
				BeforeProcessingInitializeOnLoad (45ms)
				ProcessInitializeOnLoadAttributes (120ms)
				ProcessInitializeOnLoadMethodAttributes (2ms)
				AfterProcessingInitializeOnLoad (4ms)
				EditorAssembliesLoaded (0ms)
			ExecutionOrderSort2 (0ms)
			AwakeInstancesAfterBackupRestoration (4ms)
Platform modules already initialized, skipping
Refreshing native plugins compatible for Editor in 0.13 ms, found 2 plugins.
Preloading 0 native plugins for Editor in 0.00 ms.
Unloading 1318 Unused Serialized files (Serialized files now loaded: 0)
System memory in use before: 67.7 MB.
System memory in use after: 67.8 MB.

Unloading 11 unused Assets to reduce memory usage. Loaded Objects now: 1871.
Total: 1.411400 ms (FindLiveObjects: 0.122000 ms CreateObjectMapping: 0.031700 ms MarkObjects: 1.244400 ms  DeleteObjects: 0.012600 ms)

AssetImportParameters requested are different than current active one (requested -> active):
  custom:framework-win-MediaFoundation: 216162199b28c13a410421893ffa2e32 -> 
  custom:video-decoder-ogg-theora: a1e56fd34408186e4bbccfd4996cb3dc -> 
  custom:container-muxer-webm: aa71ff27fc2769a1b78a27578f13a17b -> 
  custom:container-demuxer-webm: 4f35f7cbe854078d1ac9338744f61a02 -> 
  custom:container-demuxer-ogg: 62fdf1f143b41e24485cea50d1cbac27 -> 
  custom:video-encoder-webm-vp8: eb34c28f22e8b96e1ab97ce403110664 -> 
  custom:video-codec-MediaFoundation-h265: 746d11721c4dcdbdad8f713fa42b33f4 -> 
  custom:video-decoder-webm-vp8: 9c59270c3fd7afecdb556c50c9e8de78 -> 
  custom:audio-decoder-ogg-vorbis: bf7c407c2cedff20999df2af8eb42d56 -> 
  custom:audio-encoder-webm-vorbis: bf7c407c2cedff20999df2af8eb42d56 -> 
========================================================================
Received Prepare
Registering precompiled user dll's ...
Registered in 0.001388 seconds.
Begin MonoManager ReloadAssembly
Native extension for WindowsStandalone target not found
Native extension for WebGL target not found
Refreshing native plugins compatible for Editor in 0.29 ms, found 2 plugins.
Preloading 0 native plugins for Editor in 0.00 ms.
Mono: successfully reloaded assembly
- Completed reload, in  0.607 seconds
Domain Reload Profiling:
	ReloadAssembly (607ms)
		BeginReloadAssembly (80ms)
			ExecutionOrderSort (0ms)
			DisableScriptedObjects (3ms)
			BackupInstance (0ms)
			ReleaseScriptingObjects (0ms)
			CreateAndSetChildDomain (22ms)
		EndReloadAssembly (487ms)
			LoadAssemblies (53ms)
			RebuildTransferFunctionScriptingTraits (0ms)
			SetupTypeCache (175ms)
			ReleaseScriptCaches (1ms)
			RebuildScriptCaches (25ms)
			SetupLoadedEditorAssemblies (176ms)
				LogAssemblyErrors (0ms)
				InitializePlatformSupportModulesInManaged (4ms)
				SetLoadedEditorAssemblies (0ms)
				RefreshPlugins (0ms)
				BeforeProcessingInitializeOnLoad (43ms)
				ProcessInitializeOnLoadAttributes (121ms)
				ProcessInitializeOnLoadMethodAttributes (2ms)
				AfterProcessingInitializeOnLoad (5ms)
				EditorAssembliesLoaded (0ms)
			ExecutionOrderSort2 (0ms)
			AwakeInstancesAfterBackupRestoration (4ms)
Platform modules already initialized, skipping
Refreshing native plugins compatible for Editor in 0.15 ms, found 2 plugins.
Preloading 0 native plugins for Editor in 0.00 ms.
Unloading 1318 Unused Serialized files (Serialized files now loaded: 0)
System memory in use before: 67.7 MB.
System memory in use after: 67.8 MB.

Unloading 11 unused Assets to reduce memory usage. Loaded Objects now: 1874.
Total: 1.368600 ms (FindLiveObjects: 0.110600 ms CreateObjectMapping: 0.026500 ms MarkObjects: 1.218300 ms  DeleteObjects: 0.012700 ms)

AssetImportParameters requested are different than current active one (requested -> active):
  custom:framework-win-MediaFoundation: 216162199b28c13a410421893ffa2e32 -> 
  custom:video-decoder-ogg-theora: a1e56fd34408186e4bbccfd4996cb3dc -> 
  custom:container-muxer-webm: aa71ff27fc2769a1b78a27578f13a17b -> 
  custom:container-demuxer-webm: 4f35f7cbe854078d1ac9338744f61a02 -> 
  custom:container-demuxer-ogg: 62fdf1f143b41e24485cea50d1cbac27 -> 
  custom:video-encoder-webm-vp8: eb34c28f22e8b96e1ab97ce403110664 -> 
  custom:video-codec-MediaFoundation-h265: 746d11721c4dcdbdad8f713fa42b33f4 -> 
  custom:video-decoder-webm-vp8: 9c59270c3fd7afecdb556c50c9e8de78 -> 
  custom:audio-decoder-ogg-vorbis: bf7c407c2cedff20999df2af8eb42d56 -> 
  custom:audio-encoder-webm-vorbis: bf7c407c2cedff20999df2af8eb42d56 -> 
========================================================================
Received Prepare
Registering precompiled user dll's ...
Registered in 0.039559 seconds.
Begin MonoManager ReloadAssembly
Native extension for WindowsStandalone target not found
Native extension for WebGL target not found
Refreshing native plugins compatible for Editor in 0.28 ms, found 2 plugins.
Preloading 0 native plugins for Editor in 0.00 ms.
Mono: successfully reloaded assembly
- Completed reload, in  0.611 seconds
Domain Reload Profiling:
	ReloadAssembly (612ms)
		BeginReloadAssembly (82ms)
			ExecutionOrderSort (0ms)
			DisableScriptedObjects (3ms)
			BackupInstance (0ms)
			ReleaseScriptingObjects (0ms)
			CreateAndSetChildDomain (22ms)
		EndReloadAssembly (484ms)
			LoadAssemblies (55ms)
			RebuildTransferFunctionScriptingTraits (0ms)
			SetupTypeCache (150ms)
			ReleaseScriptCaches (1ms)
			RebuildScriptCaches (23ms)
			SetupLoadedEditorAssemblies (196ms)
				LogAssemblyErrors (0ms)
				InitializePlatformSupportModulesInManaged (4ms)
				SetLoadedEditorAssemblies (0ms)
				RefreshPlugins (0ms)
				BeforeProcessingInitializeOnLoad (43ms)
				ProcessInitializeOnLoadAttributes (141ms)
				ProcessInitializeOnLoadMethodAttributes (3ms)
				AfterProcessingInitializeOnLoad (4ms)
				EditorAssembliesLoaded (0ms)
			ExecutionOrderSort2 (0ms)
			AwakeInstancesAfterBackupRestoration (5ms)
Platform modules already initialized, skipping
Refreshing native plugins compatible for Editor in 0.28 ms, found 2 plugins.
Preloading 0 native plugins for Editor in 0.00 ms.
Unloading 1318 Unused Serialized files (Serialized files now loaded: 0)
System memory in use before: 67.7 MB.
System memory in use after: 67.8 MB.

Unloading 11 unused Assets to reduce memory usage. Loaded Objects now: 1877.
Total: 1.816700 ms (FindLiveObjects: 0.139600 ms CreateObjectMapping: 0.036300 ms MarkObjects: 1.623800 ms  DeleteObjects: 0.016000 ms)

AssetImportParameters requested are different than current active one (requested -> active):
  custom:framework-win-MediaFoundation: 216162199b28c13a410421893ffa2e32 -> 
  custom:video-decoder-ogg-theora: a1e56fd34408186e4bbccfd4996cb3dc -> 
  custom:container-muxer-webm: aa71ff27fc2769a1b78a27578f13a17b -> 
  custom:container-demuxer-webm: 4f35f7cbe854078d1ac9338744f61a02 -> 
  custom:container-demuxer-ogg: 62fdf1f143b41e24485cea50d1cbac27 -> 
  custom:video-encoder-webm-vp8: eb34c28f22e8b96e1ab97ce403110664 -> 
  custom:video-codec-MediaFoundation-h265: 746d11721c4dcdbdad8f713fa42b33f4 -> 
  custom:video-decoder-webm-vp8: 9c59270c3fd7afecdb556c50c9e8de78 -> 
  custom:audio-decoder-ogg-vorbis: bf7c407c2cedff20999df2af8eb42d56 -> 
  custom:audio-encoder-webm-vorbis: bf7c407c2cedff20999df2af8eb42d56 -> 
========================================================================
Received Prepare
Registering precompiled user dll's ...
Registered in 0.001487 seconds.
Begin MonoManager ReloadAssembly
Native extension for WindowsStandalone target not found
Native extension for WebGL target not found
Refreshing native plugins compatible for Editor in 0.27 ms, found 2 plugins.
Preloading 0 native plugins for Editor in 0.00 ms.
Mono: successfully reloaded assembly
- Completed reload, in  0.620 seconds
Domain Reload Profiling:
	ReloadAssembly (620ms)
		BeginReloadAssembly (87ms)
			ExecutionOrderSort (0ms)
			DisableScriptedObjects (3ms)
			BackupInstance (0ms)
			ReleaseScriptingObjects (0ms)
			CreateAndSetChildDomain (26ms)
		EndReloadAssembly (487ms)
			LoadAssemblies (58ms)
			RebuildTransferFunctionScriptingTraits (0ms)
			SetupTypeCache (176ms)
			ReleaseScriptCaches (1ms)
			RebuildScriptCaches (22ms)
			SetupLoadedEditorAssemblies (177ms)
				LogAssemblyErrors (0ms)
				InitializePlatformSupportModulesInManaged (4ms)
				SetLoadedEditorAssemblies (1ms)
				RefreshPlugins (0ms)
				BeforeProcessingInitializeOnLoad (42ms)
				ProcessInitializeOnLoadAttributes (123ms)
				ProcessInitializeOnLoadMethodAttributes (2ms)
				AfterProcessingInitializeOnLoad (4ms)
				EditorAssembliesLoaded (0ms)
			ExecutionOrderSort2 (0ms)
			AwakeInstancesAfterBackupRestoration (4ms)
Platform modules already initialized, skipping
Refreshing native plugins compatible for Editor in 0.15 ms, found 2 plugins.
Preloading 0 native plugins for Editor in 0.00 ms.
Unloading 1318 Unused Serialized files (Serialized files now loaded: 0)
System memory in use before: 67.7 MB.
System memory in use after: 67.8 MB.

Unloading 11 unused Assets to reduce memory usage. Loaded Objects now: 1880.
Total: 1.405500 ms (FindLiveObjects: 0.111700 ms CreateObjectMapping: 0.030100 ms MarkObjects: 1.250500 ms  DeleteObjects: 0.012700 ms)

AssetImportParameters requested are different than current active one (requested -> active):
  custom:framework-win-MediaFoundation: 216162199b28c13a410421893ffa2e32 -> 
  custom:video-decoder-ogg-theora: a1e56fd34408186e4bbccfd4996cb3dc -> 
  custom:container-muxer-webm: aa71ff27fc2769a1b78a27578f13a17b -> 
  custom:container-demuxer-webm: 4f35f7cbe854078d1ac9338744f61a02 -> 
  custom:container-demuxer-ogg: 62fdf1f143b41e24485cea50d1cbac27 -> 
  custom:video-encoder-webm-vp8: eb34c28f22e8b96e1ab97ce403110664 -> 
  custom:video-codec-MediaFoundation-h265: 746d11721c4dcdbdad8f713fa42b33f4 -> 
  custom:video-decoder-webm-vp8: 9c59270c3fd7afecdb556c50c9e8de78 -> 
  custom:audio-decoder-ogg-vorbis: bf7c407c2cedff20999df2af8eb42d56 -> 
  custom:audio-encoder-webm-vorbis: bf7c407c2cedff20999df2af8eb42d56 -> 
========================================================================
Received Import Request.
  Time since last request: 470.414805 seconds.
  path: Assets/Prefabs/projectile.prefab
  artifactKey: Guid(3592c812ed6b73948858debcc3b65e85) Importer(815301076,1909f56bfc062723c751e8b465ee728b)
Start importing Assets/Prefabs/projectile.prefab using Guid(3592c812ed6b73948858debcc3b65e85) Importer(815301076,1909f56bfc062723c751e8b465ee728b)  -> (artifact id: '96b5c898d304e5cfa3ee309b22910469') in 0.044722 seconds 
  Import took 0.046964 seconds .

========================================================================
Received Prepare
Registering precompiled user dll's ...
Registered in 0.001350 seconds.
Begin MonoManager ReloadAssembly
Native extension for WindowsStandalone target not found
Native extension for WebGL target not found
Refreshing native plugins compatible for Editor in 0.28 ms, found 2 plugins.
Preloading 0 native plugins for Editor in 0.00 ms.
Mono: successfully reloaded assembly
- Completed reload, in  0.575 seconds
Domain Reload Profiling:
	ReloadAssembly (575ms)
		BeginReloadAssembly (72ms)
			ExecutionOrderSort (0ms)
			DisableScriptedObjects (3ms)
			BackupInstance (0ms)
			ReleaseScriptingObjects (0ms)
			CreateAndSetChildDomain (23ms)
		EndReloadAssembly (463ms)
			LoadAssemblies (53ms)
			RebuildTransferFunctionScriptingTraits (0ms)
			SetupTypeCache (158ms)
			ReleaseScriptCaches (1ms)
			RebuildScriptCaches (21ms)
			SetupLoadedEditorAssemblies (171ms)
				LogAssemblyErrors (0ms)
				InitializePlatformSupportModulesInManaged (4ms)
				SetLoadedEditorAssemblies (0ms)
				RefreshPlugins (0ms)
				BeforeProcessingInitializeOnLoad (43ms)
				ProcessInitializeOnLoadAttributes (117ms)
				ProcessInitializeOnLoadMethodAttributes (2ms)
				AfterProcessingInitializeOnLoad (4ms)
				EditorAssembliesLoaded (0ms)
			ExecutionOrderSort2 (0ms)
			AwakeInstancesAfterBackupRestoration (5ms)
Platform modules already initialized, skipping
Refreshing native plugins compatible for Editor in 0.28 ms, found 2 plugins.
Preloading 0 native plugins for Editor in 0.00 ms.
Unloading 1318 Unused Serialized files (Serialized files now loaded: 0)
System memory in use before: 67.7 MB.
System memory in use after: 67.8 MB.

Unloading 11 unused Assets to reduce memory usage. Loaded Objects now: 1884.
Total: 1.736000 ms (FindLiveObjects: 0.159900 ms CreateObjectMapping: 0.041900 ms MarkObjects: 1.516200 ms  DeleteObjects: 0.017200 ms)

AssetImportParameters requested are different than current active one (requested -> active):
  custom:framework-win-MediaFoundation: 216162199b28c13a410421893ffa2e32 -> 
  custom:video-decoder-ogg-theora: a1e56fd34408186e4bbccfd4996cb3dc -> 
  custom:container-muxer-webm: aa71ff27fc2769a1b78a27578f13a17b -> 
  custom:container-demuxer-webm: 4f35f7cbe854078d1ac9338744f61a02 -> 
  custom:container-demuxer-ogg: 62fdf1f143b41e24485cea50d1cbac27 -> 
  custom:video-encoder-webm-vp8: eb34c28f22e8b96e1ab97ce403110664 -> 
  custom:video-codec-MediaFoundation-h265: 746d11721c4dcdbdad8f713fa42b33f4 -> 
  custom:video-decoder-webm-vp8: 9c59270c3fd7afecdb556c50c9e8de78 -> 
  custom:audio-decoder-ogg-vorbis: bf7c407c2cedff20999df2af8eb42d56 -> 
  custom:audio-encoder-webm-vorbis: bf7c407c2cedff20999df2af8eb42d56 -> 
========================================================================
Received Prepare
Registering precompiled user dll's ...
Registered in 0.001419 seconds.
Begin MonoManager ReloadAssembly
Native extension for WindowsStandalone target not found
Native extension for WebGL target not found
Refreshing native plugins compatible for Editor in 0.28 ms, found 2 plugins.
Preloading 0 native plugins for Editor in 0.00 ms.
Mono: successfully reloaded assembly
- Completed reload, in  0.607 seconds
Domain Reload Profiling:
	ReloadAssembly (608ms)
		BeginReloadAssembly (79ms)
			ExecutionOrderSort (0ms)
			DisableScriptedObjects (3ms)
			BackupInstance (0ms)
			ReleaseScriptingObjects (0ms)
			CreateAndSetChildDomain (24ms)
		EndReloadAssembly (486ms)
			LoadAssemblies (56ms)
			RebuildTransferFunctionScriptingTraits (0ms)
			SetupTypeCache (160ms)
			ReleaseScriptCaches (1ms)
			RebuildScriptCaches (22ms)
			SetupLoadedEditorAssemblies (191ms)
				LogAssemblyErrors (0ms)
				InitializePlatformSupportModulesInManaged (4ms)
				SetLoadedEditorAssemblies (0ms)
				RefreshPlugins (0ms)
				BeforeProcessingInitializeOnLoad (45ms)
				ProcessInitializeOnLoadAttributes (134ms)
				ProcessInitializeOnLoadMethodAttributes (3ms)
				AfterProcessingInitializeOnLoad (4ms)
				EditorAssembliesLoaded (0ms)
			ExecutionOrderSort2 (0ms)
			AwakeInstancesAfterBackupRestoration (5ms)
Platform modules already initialized, skipping
Refreshing native plugins compatible for Editor in 0.29 ms, found 2 plugins.
Preloading 0 native plugins for Editor in 0.00 ms.
Unloading 1318 Unused Serialized files (Serialized files now loaded: 0)
System memory in use before: 67.7 MB.
System memory in use after: 67.8 MB.

Unloading 11 unused Assets to reduce memory usage. Loaded Objects now: 1887.
Total: 1.663300 ms (FindLiveObjects: 0.160300 ms CreateObjectMapping: 0.042300 ms MarkObjects: 1.444200 ms  DeleteObjects: 0.015600 ms)

AssetImportParameters requested are different than current active one (requested -> active):
  custom:framework-win-MediaFoundation: 216162199b28c13a410421893ffa2e32 -> 
  custom:video-decoder-ogg-theora: a1e56fd34408186e4bbccfd4996cb3dc -> 
  custom:container-muxer-webm: aa71ff27fc2769a1b78a27578f13a17b -> 
  custom:container-demuxer-webm: 4f35f7cbe854078d1ac9338744f61a02 -> 
  custom:container-demuxer-ogg: 62fdf1f143b41e24485cea50d1cbac27 -> 
  custom:video-encoder-webm-vp8: eb34c28f22e8b96e1ab97ce403110664 -> 
  custom:video-codec-MediaFoundation-h265: 746d11721c4dcdbdad8f713fa42b33f4 -> 
  custom:video-decoder-webm-vp8: 9c59270c3fd7afecdb556c50c9e8de78 -> 
  custom:audio-decoder-ogg-vorbis: bf7c407c2cedff20999df2af8eb42d56 -> 
  custom:audio-encoder-webm-vorbis: bf7c407c2cedff20999df2af8eb42d56 -> 
========================================================================
Received Prepare
Registering precompiled user dll's ...
Registered in 0.001357 seconds.
Begin MonoManager ReloadAssembly
Native extension for WindowsStandalone target not found
Native extension for WebGL target not found
Refreshing native plugins compatible for Editor in 0.27 ms, found 2 plugins.
Preloading 0 native plugins for Editor in 0.00 ms.
Mono: successfully reloaded assembly
- Completed reload, in  0.604 seconds
Domain Reload Profiling:
	ReloadAssembly (604ms)
		BeginReloadAssembly (87ms)
			ExecutionOrderSort (0ms)
			DisableScriptedObjects (3ms)
			BackupInstance (0ms)
			ReleaseScriptingObjects (0ms)
			CreateAndSetChildDomain (24ms)
		EndReloadAssembly (477ms)
			LoadAssemblies (52ms)
			RebuildTransferFunctionScriptingTraits (0ms)
			SetupTypeCache (158ms)
			ReleaseScriptCaches (1ms)
			RebuildScriptCaches (22ms)
			SetupLoadedEditorAssemblies (189ms)
				LogAssemblyErrors (0ms)
				InitializePlatformSupportModulesInManaged (4ms)
				SetLoadedEditorAssemblies (1ms)
				RefreshPlugins (0ms)
				BeforeProcessingInitializeOnLoad (43ms)
				ProcessInitializeOnLoadAttributes (135ms)
				ProcessInitializeOnLoadMethodAttributes (3ms)
				AfterProcessingInitializeOnLoad (4ms)
				EditorAssembliesLoaded (0ms)
			ExecutionOrderSort2 (0ms)
			AwakeInstancesAfterBackupRestoration (4ms)
Platform modules already initialized, skipping
Refreshing native plugins compatible for Editor in 0.28 ms, found 2 plugins.
Preloading 0 native plugins for Editor in 0.00 ms.
Unloading 1318 Unused Serialized files (Serialized files now loaded: 0)
System memory in use before: 67.7 MB.
System memory in use after: 67.8 MB.

Unloading 11 unused Assets to reduce memory usage. Loaded Objects now: 1890.
Total: 1.757100 ms (FindLiveObjects: 0.160200 ms CreateObjectMapping: 0.038900 ms MarkObjects: 1.541800 ms  DeleteObjects: 0.015500 ms)

AssetImportParameters requested are different than current active one (requested -> active):
  custom:framework-win-MediaFoundation: 216162199b28c13a410421893ffa2e32 -> 
  custom:video-decoder-ogg-theora: a1e56fd34408186e4bbccfd4996cb3dc -> 
  custom:container-muxer-webm: aa71ff27fc2769a1b78a27578f13a17b -> 
  custom:container-demuxer-webm: 4f35f7cbe854078d1ac9338744f61a02 -> 
  custom:container-demuxer-ogg: 62fdf1f143b41e24485cea50d1cbac27 -> 
  custom:video-encoder-webm-vp8: eb34c28f22e8b96e1ab97ce403110664 -> 
  custom:video-codec-MediaFoundation-h265: 746d11721c4dcdbdad8f713fa42b33f4 -> 
  custom:video-decoder-webm-vp8: 9c59270c3fd7afecdb556c50c9e8de78 -> 
  custom:audio-decoder-ogg-vorbis: bf7c407c2cedff20999df2af8eb42d56 -> 
  custom:audio-encoder-webm-vorbis: bf7c407c2cedff20999df2af8eb42d56 -> 
========================================================================
Received Prepare
Registering precompiled user dll's ...
Registered in 0.001435 seconds.
Begin MonoManager ReloadAssembly
Native extension for WindowsStandalone target not found
Native extension for WebGL target not found
Refreshing native plugins compatible for Editor in 0.30 ms, found 2 plugins.
Preloading 0 native plugins for Editor in 0.00 ms.
Mono: successfully reloaded assembly
- Completed reload, in  0.606 seconds
Domain Reload Profiling:
	ReloadAssembly (606ms)
		BeginReloadAssembly (85ms)
			ExecutionOrderSort (0ms)
			DisableScriptedObjects (3ms)
			BackupInstance (0ms)
			ReleaseScriptingObjects (0ms)
			CreateAndSetChildDomain (27ms)
		EndReloadAssembly (481ms)
			LoadAssemblies (53ms)
			RebuildTransferFunctionScriptingTraits (0ms)
			SetupTypeCache (167ms)
			ReleaseScriptCaches (1ms)
			RebuildScriptCaches (23ms)
			SetupLoadedEditorAssemblies (181ms)
				LogAssemblyErrors (0ms)
				InitializePlatformSupportModulesInManaged (4ms)
				SetLoadedEditorAssemblies (1ms)
				RefreshPlugins (0ms)
				BeforeProcessingInitializeOnLoad (45ms)
				ProcessInitializeOnLoadAttributes (122ms)
				ProcessInitializeOnLoadMethodAttributes (3ms)
				AfterProcessingInitializeOnLoad (5ms)
				EditorAssembliesLoaded (0ms)
			ExecutionOrderSort2 (0ms)
			AwakeInstancesAfterBackupRestoration (6ms)
Platform modules already initialized, skipping
Refreshing native plugins compatible for Editor in 0.18 ms, found 2 plugins.
Preloading 0 native plugins for Editor in 0.00 ms.
Unloading 1318 Unused Serialized files (Serialized files now loaded: 0)
System memory in use before: 67.7 MB.
System memory in use after: 67.8 MB.

Unloading 11 unused Assets to reduce memory usage. Loaded Objects now: 1893.
Total: 1.442000 ms (FindLiveObjects: 0.119300 ms CreateObjectMapping: 0.032700 ms MarkObjects: 1.276100 ms  DeleteObjects: 0.013200 ms)

AssetImportParameters requested are different than current active one (requested -> active):
  custom:framework-win-MediaFoundation: 216162199b28c13a410421893ffa2e32 -> 
  custom:video-decoder-ogg-theora: a1e56fd34408186e4bbccfd4996cb3dc -> 
  custom:container-muxer-webm: aa71ff27fc2769a1b78a27578f13a17b -> 
  custom:container-demuxer-webm: 4f35f7cbe854078d1ac9338744f61a02 -> 
  custom:container-demuxer-ogg: 62fdf1f143b41e24485cea50d1cbac27 -> 
  custom:video-encoder-webm-vp8: eb34c28f22e8b96e1ab97ce403110664 -> 
  custom:video-codec-MediaFoundation-h265: 746d11721c4dcdbdad8f713fa42b33f4 -> 
  custom:video-decoder-webm-vp8: 9c59270c3fd7afecdb556c50c9e8de78 -> 
  custom:audio-decoder-ogg-vorbis: bf7c407c2cedff20999df2af8eb42d56 -> 
  custom:audio-encoder-webm-vorbis: bf7c407c2cedff20999df2af8eb42d56 -> 
========================================================================
Received Prepare
Registering precompiled user dll's ...
Registered in 0.001422 seconds.
Begin MonoManager ReloadAssembly
Native extension for WindowsStandalone target not found
Native extension for WebGL target not found
Refreshing native plugins compatible for Editor in 0.28 ms, found 2 plugins.
Preloading 0 native plugins for Editor in 0.00 ms.
Mono: successfully reloaded assembly
- Completed reload, in  0.598 seconds
Domain Reload Profiling:
	ReloadAssembly (598ms)
		BeginReloadAssembly (93ms)
			ExecutionOrderSort (0ms)
			DisableScriptedObjects (3ms)
			BackupInstance (0ms)
			ReleaseScriptingObjects (0ms)
			CreateAndSetChildDomain (26ms)
		EndReloadAssembly (465ms)
			LoadAssemblies (55ms)
			RebuildTransferFunctionScriptingTraits (0ms)
			SetupTypeCache (156ms)
			ReleaseScriptCaches (1ms)
			RebuildScriptCaches (22ms)
			SetupLoadedEditorAssemblies (179ms)
				LogAssemblyErrors (0ms)
				InitializePlatformSupportModulesInManaged (4ms)
				SetLoadedEditorAssemblies (1ms)
				RefreshPlugins (0ms)
				BeforeProcessingInitializeOnLoad (44ms)
				ProcessInitializeOnLoadAttributes (123ms)
				ProcessInitializeOnLoadMethodAttributes (2ms)
				AfterProcessingInitializeOnLoad (5ms)
				EditorAssembliesLoaded (0ms)
			ExecutionOrderSort2 (0ms)
			AwakeInstancesAfterBackupRestoration (5ms)
Platform modules already initialized, skipping
Refreshing native plugins compatible for Editor in 0.23 ms, found 2 plugins.
Preloading 0 native plugins for Editor in 0.00 ms.
Unloading 1318 Unused Serialized files (Serialized files now loaded: 0)
System memory in use before: 67.7 MB.
System memory in use after: 67.8 MB.

Unloading 11 unused Assets to reduce memory usage. Loaded Objects now: 1896.
Total: 1.568400 ms (FindLiveObjects: 0.145800 ms CreateObjectMapping: 0.034800 ms MarkObjects: 1.370800 ms  DeleteObjects: 0.016300 ms)

AssetImportParameters requested are different than current active one (requested -> active):
  custom:framework-win-MediaFoundation: 216162199b28c13a410421893ffa2e32 -> 
  custom:video-decoder-ogg-theora: a1e56fd34408186e4bbccfd4996cb3dc -> 
  custom:container-muxer-webm: aa71ff27fc2769a1b78a27578f13a17b -> 
  custom:container-demuxer-webm: 4f35f7cbe854078d1ac9338744f61a02 -> 
  custom:container-demuxer-ogg: 62fdf1f143b41e24485cea50d1cbac27 -> 
  custom:video-encoder-webm-vp8: eb34c28f22e8b96e1ab97ce403110664 -> 
  custom:video-codec-MediaFoundation-h265: 746d11721c4dcdbdad8f713fa42b33f4 -> 
  custom:video-decoder-webm-vp8: 9c59270c3fd7afecdb556c50c9e8de78 -> 
  custom:audio-decoder-ogg-vorbis: bf7c407c2cedff20999df2af8eb42d56 -> 
  custom:audio-encoder-webm-vorbis: bf7c407c2cedff20999df2af8eb42d56 -> 
========================================================================
Received Prepare
Registering precompiled user dll's ...
Registered in 0.001712 seconds.
Begin MonoManager ReloadAssembly
Native extension for WindowsStandalone target not found
Native extension for WebGL target not found
Refreshing native plugins compatible for Editor in 0.28 ms, found 2 plugins.
Preloading 0 native plugins for Editor in 0.00 ms.
Mono: successfully reloaded assembly
- Completed reload, in  0.589 seconds
Domain Reload Profiling:
	ReloadAssembly (590ms)
		BeginReloadAssembly (82ms)
			ExecutionOrderSort (0ms)
			DisableScriptedObjects (3ms)
			BackupInstance (0ms)
			ReleaseScriptingObjects (0ms)
			CreateAndSetChildDomain (22ms)
		EndReloadAssembly (469ms)
			LoadAssemblies (53ms)
			RebuildTransferFunctionScriptingTraits (0ms)
			SetupTypeCache (155ms)
			ReleaseScriptCaches (1ms)
			RebuildScriptCaches (21ms)
			SetupLoadedEditorAssemblies (184ms)
				LogAssemblyErrors (0ms)
				InitializePlatformSupportModulesInManaged (4ms)
				SetLoadedEditorAssemblies (0ms)
				RefreshPlugins (0ms)
				BeforeProcessingInitializeOnLoad (42ms)
				ProcessInitializeOnLoadAttributes (131ms)
				ProcessInitializeOnLoadMethodAttributes (3ms)
				AfterProcessingInitializeOnLoad (4ms)
				EditorAssembliesLoaded (0ms)
			ExecutionOrderSort2 (0ms)
			AwakeInstancesAfterBackupRestoration (5ms)
Platform modules already initialized, skipping
Refreshing native plugins compatible for Editor in 0.18 ms, found 2 plugins.
Preloading 0 native plugins for Editor in 0.00 ms.
Unloading 1318 Unused Serialized files (Serialized files now loaded: 0)
System memory in use before: 67.7 MB.
System memory in use after: 67.8 MB.

Unloading 11 unused Assets to reduce memory usage. Loaded Objects now: 1899.
Total: 1.588200 ms (FindLiveObjects: 0.123400 ms CreateObjectMapping: 0.036600 ms MarkObjects: 1.414000 ms  DeleteObjects: 0.013600 ms)

AssetImportParameters requested are different than current active one (requested -> active):
  custom:framework-win-MediaFoundation: 216162199b28c13a410421893ffa2e32 -> 
  custom:video-decoder-ogg-theora: a1e56fd34408186e4bbccfd4996cb3dc -> 
  custom:container-muxer-webm: aa71ff27fc2769a1b78a27578f13a17b -> 
  custom:container-demuxer-webm: 4f35f7cbe854078d1ac9338744f61a02 -> 
  custom:container-demuxer-ogg: 62fdf1f143b41e24485cea50d1cbac27 -> 
  custom:video-encoder-webm-vp8: eb34c28f22e8b96e1ab97ce403110664 -> 
  custom:video-codec-MediaFoundation-h265: 746d11721c4dcdbdad8f713fa42b33f4 -> 
  custom:video-decoder-webm-vp8: 9c59270c3fd7afecdb556c50c9e8de78 -> 
  custom:audio-decoder-ogg-vorbis: bf7c407c2cedff20999df2af8eb42d56 -> 
  custom:audio-encoder-webm-vorbis: bf7c407c2cedff20999df2af8eb42d56 -> 
========================================================================
Received Prepare
Registering precompiled user dll's ...
Registered in 0.001534 seconds.
Begin MonoManager ReloadAssembly
Native extension for WindowsStandalone target not found
Native extension for WebGL target not found
Refreshing native plugins compatible for Editor in 0.26 ms, found 2 plugins.
Preloading 0 native plugins for Editor in 0.00 ms.
Mono: successfully reloaded assembly
- Completed reload, in  0.562 seconds
Domain Reload Profiling:
	ReloadAssembly (563ms)
		BeginReloadAssembly (75ms)
			ExecutionOrderSort (0ms)
			DisableScriptedObjects (3ms)
			BackupInstance (0ms)
			ReleaseScriptingObjects (0ms)
			CreateAndSetChildDomain (21ms)
		EndReloadAssembly (450ms)
			LoadAssemblies (51ms)
			RebuildTransferFunctionScriptingTraits (0ms)
			SetupTypeCache (149ms)
			ReleaseScriptCaches (1ms)
			RebuildScriptCaches (21ms)
			SetupLoadedEditorAssemblies (173ms)
				LogAssemblyErrors (0ms)
				InitializePlatformSupportModulesInManaged (4ms)
				SetLoadedEditorAssemblies (0ms)
				RefreshPlugins (0ms)
				BeforeProcessingInitializeOnLoad (41ms)
				ProcessInitializeOnLoadAttributes (121ms)
				ProcessInitializeOnLoadMethodAttributes (2ms)
				AfterProcessingInitializeOnLoad (4ms)
				EditorAssembliesLoaded (0ms)
			ExecutionOrderSort2 (0ms)
			AwakeInstancesAfterBackupRestoration (4ms)
Platform modules already initialized, skipping
Refreshing native plugins compatible for Editor in 0.20 ms, found 2 plugins.
Preloading 0 native plugins for Editor in 0.00 ms.
Unloading 1318 Unused Serialized files (Serialized files now loaded: 0)
System memory in use before: 67.7 MB.
System memory in use after: 67.8 MB.

Unloading 11 unused Assets to reduce memory usage. Loaded Objects now: 1902.
Total: 1.396400 ms (FindLiveObjects: 0.113900 ms CreateObjectMapping: 0.030800 ms MarkObjects: 1.238500 ms  DeleteObjects: 0.012600 ms)

AssetImportParameters requested are different than current active one (requested -> active):
  custom:framework-win-MediaFoundation: 216162199b28c13a410421893ffa2e32 -> 
  custom:video-decoder-ogg-theora: a1e56fd34408186e4bbccfd4996cb3dc -> 
  custom:container-muxer-webm: aa71ff27fc2769a1b78a27578f13a17b -> 
  custom:container-demuxer-webm: 4f35f7cbe854078d1ac9338744f61a02 -> 
  custom:container-demuxer-ogg: 62fdf1f143b41e24485cea50d1cbac27 -> 
  custom:video-encoder-webm-vp8: eb34c28f22e8b96e1ab97ce403110664 -> 
  custom:video-codec-MediaFoundation-h265: 746d11721c4dcdbdad8f713fa42b33f4 -> 
  custom:video-decoder-webm-vp8: 9c59270c3fd7afecdb556c50c9e8de78 -> 
  custom:audio-decoder-ogg-vorbis: bf7c407c2cedff20999df2af8eb42d56 -> 
  custom:audio-encoder-webm-vorbis: bf7c407c2cedff20999df2af8eb42d56 -> 
========================================================================
Received Import Request.
  Time since last request: 437.412037 seconds.
  path: Assets/Prefabs/Castle 0.prefab
  artifactKey: Guid(db4a1ba574fb63e41b2c8d00856efead) Importer(815301076,1909f56bfc062723c751e8b465ee728b)
Start importing Assets/Prefabs/Castle 0.prefab using Guid(db4a1ba574fb63e41b2c8d00856efead) Importer(815301076,1909f56bfc062723c751e8b465ee728b)  -> (artifact id: 'a901bb3389f13e882b082f9846174933') in 0.046422 seconds 
  Import took 0.048472 seconds .

========================================================================
Received Import Request.
  Time since last request: 47.503223 seconds.
  path: Assets/Prefabs/Castle 0.prefab
  artifactKey: Guid(db4a1ba574fb63e41b2c8d00856efead) Importer(815301076,1909f56bfc062723c751e8b465ee728b)
Start importing Assets/Prefabs/Castle 0.prefab using Guid(db4a1ba574fb63e41b2c8d00856efead) Importer(815301076,1909f56bfc062723c751e8b465ee728b)  -> (artifact id: '263a517ed6878fe33f9952fed083af8a') in 0.011369 seconds 
  Import took 0.013494 seconds .

========================================================================
Received Import Request.
  Time since last request: 5.027736 seconds.
  path: Assets/Prefabs/Castle 0.prefab
  artifactKey: Guid(db4a1ba574fb63e41b2c8d00856efead) Importer(815301076,1909f56bfc062723c751e8b465ee728b)
Start importing Assets/Prefabs/Castle 0.prefab using Guid(db4a1ba574fb63e41b2c8d00856efead) Importer(815301076,1909f56bfc062723c751e8b465ee728b)  -> (artifact id: '27a6dc3babb0d80c68a61f145919f430') in 0.011446 seconds 
  Import took 0.013770 seconds .

========================================================================
Received Import Request.
  Time since last request: 10.465141 seconds.
  path: Assets/Prefabs/Castle 1.prefab
  artifactKey: Guid(5983c3437c48605449c27a83a9368942) Importer(815301076,1909f56bfc062723c751e8b465ee728b)
Start importing Assets/Prefabs/Castle 1.prefab using Guid(5983c3437c48605449c27a83a9368942) Importer(815301076,1909f56bfc062723c751e8b465ee728b)  -> (artifact id: '38f5fad78e1a57bfbd09dae167088e8f') in 0.012351 seconds 
  Import took 0.014656 seconds .

========================================================================
Received Import Request.
  Time since last request: 1.390481 seconds.
  path: Assets/Prefabs/Castle 1.prefab
  artifactKey: Guid(5983c3437c48605449c27a83a9368942) Importer(815301076,1909f56bfc062723c751e8b465ee728b)
Start importing Assets/Prefabs/Castle 1.prefab using Guid(5983c3437c48605449c27a83a9368942) Importer(815301076,1909f56bfc062723c751e8b465ee728b)  -> (artifact id: '931ba2605a21b351e896dd15c2cf4aac') in 0.011535 seconds 
  Import took 0.013777 seconds .

========================================================================
Received Import Request.
  Time since last request: 3.826287 seconds.
  path: Assets/Prefabs/Castle 1.prefab
  artifactKey: Guid(5983c3437c48605449c27a83a9368942) Importer(815301076,1909f56bfc062723c751e8b465ee728b)
Start importing Assets/Prefabs/Castle 1.prefab using Guid(5983c3437c48605449c27a83a9368942) Importer(815301076,1909f56bfc062723c751e8b465ee728b)  -> (artifact id: '73f336cba50999078a1f65f4894f47fb') in 0.007387 seconds 
  Import took 0.009555 seconds .

========================================================================
Received Import Request.
  Time since last request: 8.046742 seconds.
  path: Assets/Prefabs/Castle 1.prefab
  artifactKey: Guid(5983c3437c48605449c27a83a9368942) Importer(815301076,1909f56bfc062723c751e8b465ee728b)
Start importing Assets/Prefabs/Castle 1.prefab using Guid(5983c3437c48605449c27a83a9368942) Importer(815301076,1909f56bfc062723c751e8b465ee728b)  -> (artifact id: '4a5105e35a48e2362f7bbc7cd204dda0') in 0.007307 seconds 
  Import took 0.009516 seconds .

========================================================================
Received Import Request.
  Time since last request: 2.015572 seconds.
  path: Assets/Prefabs/Castle 1.prefab
  artifactKey: Guid(5983c3437c48605449c27a83a9368942) Importer(815301076,1909f56bfc062723c751e8b465ee728b)
Start importing Assets/Prefabs/Castle 1.prefab using Guid(5983c3437c48605449c27a83a9368942) Importer(815301076,1909f56bfc062723c751e8b465ee728b)  -> (artifact id: '8a1da31cee132931b8fa8daad8258abf') in 0.008505 seconds 
  Import took 0.010658 seconds .

========================================================================
Received Import Request.
  Time since last request: 1.206873 seconds.
  path: Assets/Prefabs/Castle 1.prefab
  artifactKey: Guid(5983c3437c48605449c27a83a9368942) Importer(815301076,1909f56bfc062723c751e8b465ee728b)
Start importing Assets/Prefabs/Castle 1.prefab using Guid(5983c3437c48605449c27a83a9368942) Importer(815301076,1909f56bfc062723c751e8b465ee728b)  -> (artifact id: '0b1ed2df5935ecdf8437123d866632f5') in 0.007562 seconds 
  Import took 0.009612 seconds .

========================================================================
Received Import Request.
  Time since last request: 1.198960 seconds.
  path: Assets/Prefabs/Castle 1.prefab
  artifactKey: Guid(5983c3437c48605449c27a83a9368942) Importer(815301076,1909f56bfc062723c751e8b465ee728b)
Start importing Assets/Prefabs/Castle 1.prefab using Guid(5983c3437c48605449c27a83a9368942) Importer(815301076,1909f56bfc062723c751e8b465ee728b)  -> (artifact id: '2f05f178e0e0b89a45707d04d7481db8') in 0.007345 seconds 
  Import took 0.009629 seconds .

========================================================================
Received Import Request.
  Time since last request: 8.497736 seconds.
  path: Assets/Prefabs/Castle 1.prefab
  artifactKey: Guid(5983c3437c48605449c27a83a9368942) Importer(815301076,1909f56bfc062723c751e8b465ee728b)
Start importing Assets/Prefabs/Castle 1.prefab using Guid(5983c3437c48605449c27a83a9368942) Importer(815301076,1909f56bfc062723c751e8b465ee728b)  -> (artifact id: '86ea2ef3fbdfb06e24557ac4f56a644d') in 0.007057 seconds 
  Import took 0.008945 seconds .

========================================================================
Received Import Request.
  Time since last request: 10.648575 seconds.
  path: Assets/Prefabs/Castle 2.prefab
  artifactKey: Guid(1236bdde53ef02843ba74b1f080cb465) Importer(815301076,1909f56bfc062723c751e8b465ee728b)
Start importing Assets/Prefabs/Castle 2.prefab using Guid(1236bdde53ef02843ba74b1f080cb465) Importer(815301076,1909f56bfc062723c751e8b465ee728b)  -> (artifact id: 'e592cafc4ba875f19f6e0ec22f1ab46e') in 0.011578 seconds 
  Import took 0.013836 seconds .

========================================================================
Received Import Request.
  Time since last request: 2.400437 seconds.
  path: Assets/Prefabs/Castle 2.prefab
  artifactKey: Guid(1236bdde53ef02843ba74b1f080cb465) Importer(815301076,1909f56bfc062723c751e8b465ee728b)
Start importing Assets/Prefabs/Castle 2.prefab using Guid(1236bdde53ef02843ba74b1f080cb465) Importer(815301076,1909f56bfc062723c751e8b465ee728b)  -> (artifact id: '8b7c47521572f9e3de38f05405523965') in 0.010631 seconds 
  Import took 0.012855 seconds .

========================================================================
Received Import Request.
  Time since last request: 10.385682 seconds.
  path: Assets/Prefabs/Castle 2.prefab
  artifactKey: Guid(1236bdde53ef02843ba74b1f080cb465) Importer(815301076,1909f56bfc062723c751e8b465ee728b)
Start importing Assets/Prefabs/Castle 2.prefab using Guid(1236bdde53ef02843ba74b1f080cb465) Importer(815301076,1909f56bfc062723c751e8b465ee728b)  -> (artifact id: '52945507b2cc6d62acb2e6112bfd0d96') in 0.013050 seconds 
  Import took 0.015156 seconds .

========================================================================
Received Import Request.
  Time since last request: 8.956070 seconds.
  path: Assets/Prefabs/Castle 3.prefab
  artifactKey: Guid(e65f984a9421b34458a1113233cbbbc8) Importer(815301076,1909f56bfc062723c751e8b465ee728b)
Start importing Assets/Prefabs/Castle 3.prefab using Guid(e65f984a9421b34458a1113233cbbbc8) Importer(815301076,1909f56bfc062723c751e8b465ee728b)  -> (artifact id: 'bbb0ec1446c7d2510cf4b27808b14a61') in 0.011233 seconds 
  Import took 0.013546 seconds .

========================================================================
Received Import Request.
  Time since last request: 8.246590 seconds.
  path: Assets/Prefabs/Castle 3.prefab
  artifactKey: Guid(e65f984a9421b34458a1113233cbbbc8) Importer(815301076,1909f56bfc062723c751e8b465ee728b)
Start importing Assets/Prefabs/Castle 3.prefab using Guid(e65f984a9421b34458a1113233cbbbc8) Importer(815301076,1909f56bfc062723c751e8b465ee728b)  -> (artifact id: 'b860fd9f9537b31b26050498b8ff6896') in 0.007202 seconds 
  Import took 0.009590 seconds .

========================================================================
Received Import Request.
  Time since last request: 2.815457 seconds.
  path: Assets/Prefabs/Castle 3.prefab
  artifactKey: Guid(e65f984a9421b34458a1113233cbbbc8) Importer(815301076,1909f56bfc062723c751e8b465ee728b)
Start importing Assets/Prefabs/Castle 3.prefab using Guid(e65f984a9421b34458a1113233cbbbc8) Importer(815301076,1909f56bfc062723c751e8b465ee728b)  -> (artifact id: 'a6ecfc4489d34a8358c0373e38c906c7') in 0.006973 seconds 
  Import took 0.009113 seconds .

========================================================================
Received Import Request.
  Time since last request: 50.525451 seconds.
  path: Assets/Prefabs/Castle 3.prefab
  artifactKey: Guid(e65f984a9421b34458a1113233cbbbc8) Importer(815301076,1909f56bfc062723c751e8b465ee728b)
Start importing Assets/Prefabs/Castle 3.prefab using Guid(e65f984a9421b34458a1113233cbbbc8) Importer(815301076,1909f56bfc062723c751e8b465ee728b)  -> (artifact id: 'd2e78d3f738ad9d366b74f9359bbfb65') in 0.006373 seconds 
  Import took 0.008291 seconds .

========================================================================
Received Import Request.
  Time since last request: 14.274590 seconds.
  path: Assets/Prefabs
  artifactKey: Guid(fed12d6041636d448bfb8ad5300002a7) Importer(815301076,1909f56bfc062723c751e8b465ee728b)
Start importing Assets/Prefabs using Guid(fed12d6041636d448bfb8ad5300002a7) Importer(815301076,1909f56bfc062723c751e8b465ee728b)  -> (artifact id: 'ee52c8c91beb2f4643fac6c1c360033f') in 0.007438 seconds 
  Import took 0.009412 seconds .

========================================================================
Received Import Request.
  Time since last request: 30.109939 seconds.
  path: Assets/Prefabs/Castle 0.prefab
  artifactKey: Guid(db4a1ba574fb63e41b2c8d00856efead) Importer(815301076,1909f56bfc062723c751e8b465ee728b)
Start importing Assets/Prefabs/Castle 0.prefab using Guid(db4a1ba574fb63e41b2c8d00856efead) Importer(815301076,1909f56bfc062723c751e8b465ee728b)  -> (artifact id: '2ce6a7e0b247e1ee3314ee51de9f401e') in 0.021394 seconds 
  Import took 0.023550 seconds .

========================================================================
Received Import Request.
  Time since last request: 0.000162 seconds.
  path: Assets/Prefabs/Castle 2.prefab
  artifactKey: Guid(1236bdde53ef02843ba74b1f080cb465) Importer(815301076,1909f56bfc062723c751e8b465ee728b)
Start importing Assets/Prefabs/Castle 2.prefab using Guid(1236bdde53ef02843ba74b1f080cb465) Importer(815301076,1909f56bfc062723c751e8b465ee728b)  -> (artifact id: '21fcd93fd7303c1d7ec2295b6f45f2c5') in 0.010917 seconds 
  Import took 0.012772 seconds .

========================================================================
Received Import Request.
  Time since last request: 0.000186 seconds.
  path: Assets/Prefabs/Goal.prefab
  artifactKey: Guid(6138feda7d52c6b4881152bd8c5a2407) Importer(815301076,1909f56bfc062723c751e8b465ee728b)
Start importing Assets/Prefabs/Goal.prefab using Guid(6138feda7d52c6b4881152bd8c5a2407) Importer(815301076,1909f56bfc062723c751e8b465ee728b)  -> (artifact id: '1e59789809aef90291d5676922f37c7b') in 0.010164 seconds 
  Import took 0.012165 seconds .

========================================================================
Received Import Request.
  Time since last request: 0.000148 seconds.
  path: Assets/Prefabs/Castle 1.prefab
  artifactKey: Guid(5983c3437c48605449c27a83a9368942) Importer(815301076,1909f56bfc062723c751e8b465ee728b)
Start importing Assets/Prefabs/Castle 1.prefab using Guid(5983c3437c48605449c27a83a9368942) Importer(815301076,1909f56bfc062723c751e8b465ee728b)  -> (artifact id: '8ab54f7bdd413c436d96c0d440f7e6d2') in 0.011625 seconds 
  Import took 0.013430 seconds .

========================================================================
Received Import Request.
  Time since last request: 0.000156 seconds.
  path: Assets/Prefabs/Castle 3.prefab
  artifactKey: Guid(e65f984a9421b34458a1113233cbbbc8) Importer(815301076,1909f56bfc062723c751e8b465ee728b)
Start importing Assets/Prefabs/Castle 3.prefab using Guid(e65f984a9421b34458a1113233cbbbc8) Importer(815301076,1909f56bfc062723c751e8b465ee728b)  -> (artifact id: '58e573c89207a8babc3ab1c4037cbff5') in 0.010231 seconds 
  Import took 0.011971 seconds .

========================================================================
Received Import Request.
  Time since last request: 0.001546 seconds.
  path: Assets/Prefabs/Castle 3.prefab
  artifactKey: Guid(e65f984a9421b34458a1113233cbbbc8) Importer(815301076,1909f56bfc062723c751e8b465ee728b)
Start importing Assets/Prefabs/Castle 3.prefab using Guid(e65f984a9421b34458a1113233cbbbc8) Importer(815301076,1909f56bfc062723c751e8b465ee728b)  -> (artifact id: '58e573c89207a8babc3ab1c4037cbff5') in 0.006495 seconds 
  Import took 0.008341 seconds .

========================================================================
Received Prepare
Registering precompiled user dll's ...
Registered in 0.001453 seconds.
Begin MonoManager ReloadAssembly
Native extension for WindowsStandalone target not found
Native extension for WebGL target not found
Refreshing native plugins compatible for Editor in 0.27 ms, found 2 plugins.
Preloading 0 native plugins for Editor in 0.00 ms.
Mono: successfully reloaded assembly
- Completed reload, in  0.582 seconds
Domain Reload Profiling:
	ReloadAssembly (583ms)
		BeginReloadAssembly (73ms)
			ExecutionOrderSort (0ms)
			DisableScriptedObjects (3ms)
			BackupInstance (0ms)
			ReleaseScriptingObjects (0ms)
			CreateAndSetChildDomain (23ms)
		EndReloadAssembly (469ms)
			LoadAssemblies (54ms)
			RebuildTransferFunctionScriptingTraits (0ms)
			SetupTypeCache (155ms)
			ReleaseScriptCaches (1ms)
			RebuildScriptCaches (22ms)
			SetupLoadedEditorAssemblies (181ms)
				LogAssemblyErrors (0ms)
				InitializePlatformSupportModulesInManaged (4ms)
				SetLoadedEditorAssemblies (0ms)
				RefreshPlugins (0ms)
				BeforeProcessingInitializeOnLoad (43ms)
				ProcessInitializeOnLoadAttributes (127ms)
				ProcessInitializeOnLoadMethodAttributes (2ms)
				AfterProcessingInitializeOnLoad (4ms)
				EditorAssembliesLoaded (0ms)
			ExecutionOrderSort2 (0ms)
			AwakeInstancesAfterBackupRestoration (4ms)
Platform modules already initialized, skipping
Refreshing native plugins compatible for Editor in 0.29 ms, found 2 plugins.
Preloading 0 native plugins for Editor in 0.00 ms.
Unloading 1318 Unused Serialized files (Serialized files now loaded: 0)
System memory in use before: 67.8 MB.
System memory in use after: 67.9 MB.

Unloading 12 unused Assets to reduce memory usage. Loaded Objects now: 1906.
Total: 1.601400 ms (FindLiveObjects: 0.159700 ms CreateObjectMapping: 0.037200 ms MarkObjects: 1.383400 ms  DeleteObjects: 0.020300 ms)

AssetImportParameters requested are different than current active one (requested -> active):
  custom:framework-win-MediaFoundation: 216162199b28c13a410421893ffa2e32 -> 
  custom:video-decoder-ogg-theora: a1e56fd34408186e4bbccfd4996cb3dc -> 
  custom:container-muxer-webm: aa71ff27fc2769a1b78a27578f13a17b -> 
  custom:container-demuxer-webm: 4f35f7cbe854078d1ac9338744f61a02 -> 
  custom:container-demuxer-ogg: 62fdf1f143b41e24485cea50d1cbac27 -> 
  custom:video-encoder-webm-vp8: eb34c28f22e8b96e1ab97ce403110664 -> 
  custom:video-codec-MediaFoundation-h265: 746d11721c4dcdbdad8f713fa42b33f4 -> 
  custom:video-decoder-webm-vp8: 9c59270c3fd7afecdb556c50c9e8de78 -> 
  custom:audio-decoder-ogg-vorbis: bf7c407c2cedff20999df2af8eb42d56 -> 
  custom:audio-encoder-webm-vorbis: bf7c407c2cedff20999df2af8eb42d56 -> 
========================================================================
Received Import Request.
  Time since last request: 50.435221 seconds.
  path: Assets/Prefabs/projectile.prefab
  artifactKey: Guid(3592c812ed6b73948858debcc3b65e85) Importer(815301076,1909f56bfc062723c751e8b465ee728b)
Start importing Assets/Prefabs/projectile.prefab using Guid(3592c812ed6b73948858debcc3b65e85) Importer(815301076,1909f56bfc062723c751e8b465ee728b)  -> (artifact id: '95ef3c56a272a68f3d6f56ad464f7661') in 0.045782 seconds 
  Import took 0.047650 seconds .

========================================================================
Received Import Request.
  Time since last request: 0.167552 seconds.
  path: Assets/Prefabs/projectile.prefab
  artifactKey: Guid(3592c812ed6b73948858debcc3b65e85) Importer(815301076,1909f56bfc062723c751e8b465ee728b)
Start importing Assets/Prefabs/projectile.prefab using Guid(3592c812ed6b73948858debcc3b65e85) Importer(815301076,1909f56bfc062723c751e8b465ee728b)  -> (artifact id: '95ef3c56a272a68f3d6f56ad464f7661') in 0.006156 seconds 
  Import took 0.008175 seconds .

========================================================================
Received Prepare
Registering precompiled user dll's ...
Registered in 0.001351 seconds.
Begin MonoManager ReloadAssembly
Native extension for WindowsStandalone target not found
Native extension for WebGL target not found
Refreshing native plugins compatible for Editor in 0.28 ms, found 2 plugins.
Preloading 0 native plugins for Editor in 0.00 ms.
Mono: successfully reloaded assembly
- Completed reload, in  0.632 seconds
Domain Reload Profiling:
	ReloadAssembly (632ms)
		BeginReloadAssembly (85ms)
			ExecutionOrderSort (0ms)
			DisableScriptedObjects (3ms)
			BackupInstance (0ms)
			ReleaseScriptingObjects (0ms)
			CreateAndSetChildDomain (26ms)
		EndReloadAssembly (506ms)
			LoadAssemblies (56ms)
			RebuildTransferFunctionScriptingTraits (0ms)
			SetupTypeCache (168ms)
			ReleaseScriptCaches (1ms)
			RebuildScriptCaches (25ms)
			SetupLoadedEditorAssemblies (195ms)
				LogAssemblyErrors (0ms)
				InitializePlatformSupportModulesInManaged (5ms)
				SetLoadedEditorAssemblies (1ms)
				RefreshPlugins (0ms)
				BeforeProcessingInitializeOnLoad (47ms)
				ProcessInitializeOnLoadAttributes (135ms)
				ProcessInitializeOnLoadMethodAttributes (3ms)
				AfterProcessingInitializeOnLoad (4ms)
				EditorAssembliesLoaded (0ms)
			ExecutionOrderSort2 (0ms)
			AwakeInstancesAfterBackupRestoration (5ms)
Platform modules already initialized, skipping
Refreshing native plugins compatible for Editor in 0.19 ms, found 2 plugins.
Preloading 0 native plugins for Editor in 0.00 ms.
Unloading 1318 Unused Serialized files (Serialized files now loaded: 0)
System memory in use before: 67.8 MB.
System memory in use after: 67.9 MB.

Unloading 11 unused Assets to reduce memory usage. Loaded Objects now: 1910.
Total: 1.558000 ms (FindLiveObjects: 0.136900 ms CreateObjectMapping: 0.031900 ms MarkObjects: 1.374400 ms  DeleteObjects: 0.013800 ms)

AssetImportParameters requested are different than current active one (requested -> active):
  custom:framework-win-MediaFoundation: 216162199b28c13a410421893ffa2e32 -> 
  custom:video-decoder-ogg-theora: a1e56fd34408186e4bbccfd4996cb3dc -> 
  custom:container-muxer-webm: aa71ff27fc2769a1b78a27578f13a17b -> 
  custom:container-demuxer-webm: 4f35f7cbe854078d1ac9338744f61a02 -> 
  custom:container-demuxer-ogg: 62fdf1f143b41e24485cea50d1cbac27 -> 
  custom:video-encoder-webm-vp8: eb34c28f22e8b96e1ab97ce403110664 -> 
  custom:video-codec-MediaFoundation-h265: 746d11721c4dcdbdad8f713fa42b33f4 -> 
  custom:video-decoder-webm-vp8: 9c59270c3fd7afecdb556c50c9e8de78 -> 
  custom:audio-decoder-ogg-vorbis: bf7c407c2cedff20999df2af8eb42d56 -> 
  custom:audio-encoder-webm-vorbis: bf7c407c2cedff20999df2af8eb42d56 -> 
========================================================================
Received Import Request.
  Time since last request: 1.208938 seconds.
  path: Assets/Prefabs/projectile.prefab
  artifactKey: Guid(3592c812ed6b73948858debcc3b65e85) Importer(815301076,1909f56bfc062723c751e8b465ee728b)
Start importing Assets/Prefabs/projectile.prefab using Guid(3592c812ed6b73948858debcc3b65e85) Importer(815301076,1909f56bfc062723c751e8b465ee728b)  -> (artifact id: '074367b95e3f6240865a4d1d5535d75e') in 0.038231 seconds 
  Import took 0.040292 seconds .

========================================================================
Received Import Request.
  Time since last request: 0.045870 seconds.
  path: Assets/Prefabs/projectile.prefab
  artifactKey: Guid(3592c812ed6b73948858debcc3b65e85) Importer(815301076,1909f56bfc062723c751e8b465ee728b)
Start importing Assets/Prefabs/projectile.prefab using Guid(3592c812ed6b73948858debcc3b65e85) Importer(815301076,1909f56bfc062723c751e8b465ee728b)  -> (artifact id: '8bf7e837a58a9732de6e4d4b2f6a268e') in 0.006346 seconds 
  Import took 0.008380 seconds .

========================================================================
Received Import Request.
  Time since last request: 14.414879 seconds.
  path: Assets/Prefabs/projectile.prefab
  artifactKey: Guid(3592c812ed6b73948858debcc3b65e85) Importer(815301076,1909f56bfc062723c751e8b465ee728b)
Start importing Assets/Prefabs/projectile.prefab using Guid(3592c812ed6b73948858debcc3b65e85) Importer(815301076,1909f56bfc062723c751e8b465ee728b)  -> (artifact id: 'd967bedde764e8077b3c75711d52ef8e') in 0.006062 seconds 
  Import took 0.007877 seconds .

========================================================================
Received Prepare
Registering precompiled user dll's ...
Registered in 0.001343 seconds.
Begin MonoManager ReloadAssembly
Native extension for WindowsStandalone target not found
Native extension for WebGL target not found
Refreshing native plugins compatible for Editor in 0.28 ms, found 2 plugins.
Preloading 0 native plugins for Editor in 0.00 ms.
Mono: successfully reloaded assembly
- Completed reload, in  0.631 seconds
Domain Reload Profiling:
	ReloadAssembly (631ms)
		BeginReloadAssembly (79ms)
			ExecutionOrderSort (0ms)
			DisableScriptedObjects (3ms)
			BackupInstance (0ms)
			ReleaseScriptingObjects (0ms)
			CreateAndSetChildDomain (24ms)
		EndReloadAssembly (509ms)
			LoadAssemblies (56ms)
			RebuildTransferFunctionScriptingTraits (0ms)
			SetupTypeCache (170ms)
			ReleaseScriptCaches (1ms)
			RebuildScriptCaches (25ms)
			SetupLoadedEditorAssemblies (196ms)
				LogAssemblyErrors (0ms)
				InitializePlatformSupportModulesInManaged (4ms)
				SetLoadedEditorAssemblies (0ms)
				RefreshPlugins (0ms)
				BeforeProcessingInitializeOnLoad (46ms)
				ProcessInitializeOnLoadAttributes (137ms)
				ProcessInitializeOnLoadMethodAttributes (3ms)
				AfterProcessingInitializeOnLoad (4ms)
				EditorAssembliesLoaded (0ms)
			ExecutionOrderSort2 (0ms)
			AwakeInstancesAfterBackupRestoration (5ms)
Platform modules already initialized, skipping
Refreshing native plugins compatible for Editor in 0.28 ms, found 2 plugins.
Preloading 0 native plugins for Editor in 0.00 ms.
Unloading 1318 Unused Serialized files (Serialized files now loaded: 0)
System memory in use before: 67.8 MB.
System memory in use after: 67.9 MB.

Unloading 11 unused Assets to reduce memory usage. Loaded Objects now: 1914.
Total: 1.673300 ms (FindLiveObjects: 0.150000 ms CreateObjectMapping: 0.030900 ms MarkObjects: 1.477300 ms  DeleteObjects: 0.014700 ms)

AssetImportParameters requested are different than current active one (requested -> active):
  custom:framework-win-MediaFoundation: 216162199b28c13a410421893ffa2e32 -> 
  custom:video-decoder-ogg-theora: a1e56fd34408186e4bbccfd4996cb3dc -> 
  custom:container-muxer-webm: aa71ff27fc2769a1b78a27578f13a17b -> 
  custom:container-demuxer-webm: 4f35f7cbe854078d1ac9338744f61a02 -> 
  custom:container-demuxer-ogg: 62fdf1f143b41e24485cea50d1cbac27 -> 
  custom:video-encoder-webm-vp8: eb34c28f22e8b96e1ab97ce403110664 -> 
  custom:video-codec-MediaFoundation-h265: 746d11721c4dcdbdad8f713fa42b33f4 -> 
  custom:video-decoder-webm-vp8: 9c59270c3fd7afecdb556c50c9e8de78 -> 
  custom:audio-decoder-ogg-vorbis: bf7c407c2cedff20999df2af8eb42d56 -> 
  custom:audio-encoder-webm-vorbis: bf7c407c2cedff20999df2af8eb42d56 -> 
========================================================================
Received Import Request.
  Time since last request: 3.776181 seconds.
  path: Assets/Prefabs/projectile.prefab
  artifactKey: Guid(3592c812ed6b73948858debcc3b65e85) Importer(815301076,1909f56bfc062723c751e8b465ee728b)
Start importing Assets/Prefabs/projectile.prefab using Guid(3592c812ed6b73948858debcc3b65e85) Importer(815301076,1909f56bfc062723c751e8b465ee728b)  -> (artifact id: '00000000000000000000000000000000') in 0.044123 seconds  code(4) message(Build asset version error: assets/prefabs/projectile.prefab in SourceAssetDB has modification time of '2024-10-23T00:05:21.6556262Z' while content on disk has modification time of '2024-10-23T00:05:21.8571085Z')
  ERROR: Build asset version error: assets/prefabs/projectile.prefab in SourceAssetDB has modification time of '2024-10-23T00:05:21.6556262Z' while content on disk has modification time of '2024-10-23T00:05:21.8571085Z'
  Import took 0.046163 seconds .

========================================================================
Received Import Request.
  Time since last request: 0.026599 seconds.
  path: Assets/Prefabs/projectile.prefab
  artifactKey: Guid(3592c812ed6b73948858debcc3b65e85) Importer(815301076,1909f56bfc062723c751e8b465ee728b)
Start importing Assets/Prefabs/projectile.prefab using Guid(3592c812ed6b73948858debcc3b65e85) Importer(815301076,1909f56bfc062723c751e8b465ee728b)  -> (artifact id: '23ceea5e45727aad7804603c7b8224ea') in 0.007044 seconds 
  Import took 0.009012 seconds .

========================================================================
Received Prepare
Registering precompiled user dll's ...
Registered in 0.001412 seconds.
Begin MonoManager ReloadAssembly
Native extension for WindowsStandalone target not found
Native extension for WebGL target not found
Refreshing native plugins compatible for Editor in 0.29 ms, found 2 plugins.
Preloading 0 native plugins for Editor in 0.00 ms.
Mono: successfully reloaded assembly
- Completed reload, in  0.653 seconds
Domain Reload Profiling:
	ReloadAssembly (653ms)
		BeginReloadAssembly (88ms)
			ExecutionOrderSort (0ms)
			DisableScriptedObjects (3ms)
			BackupInstance (0ms)
			ReleaseScriptingObjects (0ms)
			CreateAndSetChildDomain (24ms)
		EndReloadAssembly (521ms)
			LoadAssemblies (57ms)
			RebuildTransferFunctionScriptingTraits (0ms)
			SetupTypeCache (174ms)
			ReleaseScriptCaches (1ms)
			RebuildScriptCaches (24ms)
			SetupLoadedEditorAssemblies (204ms)
				LogAssemblyErrors (0ms)
				InitializePlatformSupportModulesInManaged (5ms)
				SetLoadedEditorAssemblies (0ms)
				RefreshPlugins (0ms)
				BeforeProcessingInitializeOnLoad (51ms)
				ProcessInitializeOnLoadAttributes (140ms)
				ProcessInitializeOnLoadMethodAttributes (3ms)
				AfterProcessingInitializeOnLoad (4ms)
				EditorAssembliesLoaded (0ms)
			ExecutionOrderSort2 (0ms)
			AwakeInstancesAfterBackupRestoration (5ms)
Platform modules already initialized, skipping
Refreshing native plugins compatible for Editor in 0.23 ms, found 2 plugins.
Preloading 0 native plugins for Editor in 0.00 ms.
Unloading 1318 Unused Serialized files (Serialized files now loaded: 0)
System memory in use before: 67.8 MB.
System memory in use after: 67.9 MB.

Unloading 11 unused Assets to reduce memory usage. Loaded Objects now: 1918.
Total: 1.629500 ms (FindLiveObjects: 0.138200 ms CreateObjectMapping: 0.030800 ms MarkObjects: 1.445700 ms  DeleteObjects: 0.014200 ms)

AssetImportParameters requested are different than current active one (requested -> active):
  custom:framework-win-MediaFoundation: 216162199b28c13a410421893ffa2e32 -> 
  custom:video-decoder-ogg-theora: a1e56fd34408186e4bbccfd4996cb3dc -> 
  custom:container-muxer-webm: aa71ff27fc2769a1b78a27578f13a17b -> 
  custom:container-demuxer-webm: 4f35f7cbe854078d1ac9338744f61a02 -> 
  custom:container-demuxer-ogg: 62fdf1f143b41e24485cea50d1cbac27 -> 
  custom:video-encoder-webm-vp8: eb34c28f22e8b96e1ab97ce403110664 -> 
  custom:video-codec-MediaFoundation-h265: 746d11721c4dcdbdad8f713fa42b33f4 -> 
  custom:video-decoder-webm-vp8: 9c59270c3fd7afecdb556c50c9e8de78 -> 
  custom:audio-decoder-ogg-vorbis: bf7c407c2cedff20999df2af8eb42d56 -> 
  custom:audio-encoder-webm-vorbis: bf7c407c2cedff20999df2af8eb42d56 -> 
========================================================================
Received Import Request.
  Time since last request: 9.008581 seconds.
  path: Assets/Prefabs/projectile.prefab
  artifactKey: Guid(3592c812ed6b73948858debcc3b65e85) Importer(815301076,1909f56bfc062723c751e8b465ee728b)
Start importing Assets/Prefabs/projectile.prefab using Guid(3592c812ed6b73948858debcc3b65e85) Importer(815301076,1909f56bfc062723c751e8b465ee728b)  -> (artifact id: '2047afedf8f8fdf5864dc357c020d155') in 0.038451 seconds 
  Import took 0.040441 seconds .

========================================================================
Received Import Request.
  Time since last request: 24.396260 seconds.
  path: Assets/Prefabs/Castle 0.prefab
  artifactKey: Guid(db4a1ba574fb63e41b2c8d00856efead) Importer(815301076,1909f56bfc062723c751e8b465ee728b)
Start importing Assets/Prefabs/Castle 0.prefab using Guid(db4a1ba574fb63e41b2c8d00856efead) Importer(815301076,1909f56bfc062723c751e8b465ee728b)  -> (artifact id: '76efcdc3b0eac1c41517e6723b84273e') in 0.020216 seconds 
  Import took 0.022603 seconds .

========================================================================
Received Import Request.
  Time since last request: 0.000211 seconds.
  path: Assets/Prefabs/Castle 2.prefab
  artifactKey: Guid(1236bdde53ef02843ba74b1f080cb465) Importer(815301076,1909f56bfc062723c751e8b465ee728b)
Start importing Assets/Prefabs/Castle 2.prefab using Guid(1236bdde53ef02843ba74b1f080cb465) Importer(815301076,1909f56bfc062723c751e8b465ee728b)  -> (artifact id: 'dc5f50e420da2c4df7f69734a3c3c960') in 0.011805 seconds 
  Import took 0.013858 seconds .

========================================================================
Received Import Request.
  Time since last request: 0.000156 seconds.
  path: Assets/Prefabs/Wall (1).prefab
  artifactKey: Guid(881e1e22acfede141ad544fefc1365f6) Importer(815301076,1909f56bfc062723c751e8b465ee728b)
Start importing Assets/Prefabs/Wall (1).prefab using Guid(881e1e22acfede141ad544fefc1365f6) Importer(815301076,1909f56bfc062723c751e8b465ee728b)  -> (artifact id: 'b399303805589daca58eccb55cec2e53') in 0.009765 seconds 
  Import took 0.011614 seconds .

========================================================================
Received Import Request.
  Time since last request: 0.000298 seconds.
  path: Assets/Prefabs/Castle 1.prefab
  artifactKey: Guid(5983c3437c48605449c27a83a9368942) Importer(815301076,1909f56bfc062723c751e8b465ee728b)
Start importing Assets/Prefabs/Castle 1.prefab using Guid(5983c3437c48605449c27a83a9368942) Importer(815301076,1909f56bfc062723c751e8b465ee728b)  -> (artifact id: 'dff705ca5fbfd151f0d4d6dc808e6ebf') in 0.011911 seconds 
  Import took 0.013954 seconds .

========================================================================
Received Import Request.
  Time since last request: 0.000234 seconds.
  path: Assets/Prefabs/Castle 3.prefab
  artifactKey: Guid(e65f984a9421b34458a1113233cbbbc8) Importer(815301076,1909f56bfc062723c751e8b465ee728b)
Start importing Assets/Prefabs/Castle 3.prefab using Guid(e65f984a9421b34458a1113233cbbbc8) Importer(815301076,1909f56bfc062723c751e8b465ee728b)  -> (artifact id: 'abd0cbd21d62353ce4a77188100daa1d') in 0.012077 seconds 
  Import took 0.014203 seconds .

========================================================================
Received Import Request.
  Time since last request: 1.819967 seconds.
  path: Assets/Prefabs/Castle 0.prefab
  artifactKey: Guid(db4a1ba574fb63e41b2c8d00856efead) Importer(815301076,1909f56bfc062723c751e8b465ee728b)
Start importing Assets/Prefabs/Castle 0.prefab using Guid(db4a1ba574fb63e41b2c8d00856efead) Importer(815301076,1909f56bfc062723c751e8b465ee728b)  -> (artifact id: '8333e6ce16facd24eaf6c4a2004807d9') in 0.007875 seconds 
  Import took 0.009930 seconds .

========================================================================
Received Import Request.
  Time since last request: 0.000163 seconds.
  path: Assets/Prefabs/Castle 2.prefab
  artifactKey: Guid(1236bdde53ef02843ba74b1f080cb465) Importer(815301076,1909f56bfc062723c751e8b465ee728b)
Start importing Assets/Prefabs/Castle 2.prefab using Guid(1236bdde53ef02843ba74b1f080cb465) Importer(815301076,1909f56bfc062723c751e8b465ee728b)  -> (artifact id: '8ea5a15557f522ec3ed21a1b3727497f') in 0.006215 seconds 
  Import took 0.008067 seconds .

========================================================================
Received Import Request.
  Time since last request: 0.000145 seconds.
  path: Assets/Prefabs/Slab.prefab
  artifactKey: Guid(f5451dcd36cb8dc45b8406c3ab105ced) Importer(815301076,1909f56bfc062723c751e8b465ee728b)
Start importing Assets/Prefabs/Slab.prefab using Guid(f5451dcd36cb8dc45b8406c3ab105ced) Importer(815301076,1909f56bfc062723c751e8b465ee728b)  -> (artifact id: '534202b80f3a6663313164f6eef3d8ff') in 0.010048 seconds 
  Import took 0.011839 seconds .

========================================================================
Received Import Request.
  Time since last request: 0.000175 seconds.
  path: Assets/Prefabs/Castle 1.prefab
  artifactKey: Guid(5983c3437c48605449c27a83a9368942) Importer(815301076,1909f56bfc062723c751e8b465ee728b)
Start importing Assets/Prefabs/Castle 1.prefab using Guid(5983c3437c48605449c27a83a9368942) Importer(815301076,1909f56bfc062723c751e8b465ee728b)  -> (artifact id: 'e615991602dd2ab1d98eb197b067c4c2') in 0.008680 seconds 
  Import took 0.010675 seconds .

========================================================================
Received Import Request.
  Time since last request: 0.000160 seconds.
  path: Assets/Prefabs/Castle 3.prefab
  artifactKey: Guid(e65f984a9421b34458a1113233cbbbc8) Importer(815301076,1909f56bfc062723c751e8b465ee728b)
Start importing Assets/Prefabs/Castle 3.prefab using Guid(e65f984a9421b34458a1113233cbbbc8) Importer(815301076,1909f56bfc062723c751e8b465ee728b)  -> (artifact id: '3e043538e26b6fa3e7f0f1385aa0b9bf') in 0.006536 seconds 
  Import took 0.008109 seconds .

========================================================================
Received Prepare
Registering precompiled user dll's ...
Registered in 0.001596 seconds.
Begin MonoManager ReloadAssembly
Native extension for WindowsStandalone target not found
Native extension for WebGL target not found
Refreshing native plugins compatible for Editor in 0.28 ms, found 2 plugins.
Preloading 0 native plugins for Editor in 0.00 ms.
Mono: successfully reloaded assembly
- Completed reload, in  0.568 seconds
Domain Reload Profiling:
	ReloadAssembly (568ms)
		BeginReloadAssembly (75ms)
			ExecutionOrderSort (0ms)
			DisableScriptedObjects (3ms)
			BackupInstance (0ms)
			ReleaseScriptingObjects (0ms)
			CreateAndSetChildDomain (21ms)
		EndReloadAssembly (456ms)
			LoadAssemblies (50ms)
			RebuildTransferFunctionScriptingTraits (0ms)
			SetupTypeCache (146ms)
			ReleaseScriptCaches (1ms)
			RebuildScriptCaches (21ms)
			SetupLoadedEditorAssemblies (181ms)
				LogAssemblyErrors (0ms)
				InitializePlatformSupportModulesInManaged (4ms)
				SetLoadedEditorAssemblies (0ms)
				RefreshPlugins (0ms)
				BeforeProcessingInitializeOnLoad (46ms)
				ProcessInitializeOnLoadAttributes (125ms)
				ProcessInitializeOnLoadMethodAttributes (2ms)
				AfterProcessingInitializeOnLoad (4ms)
				EditorAssembliesLoaded (0ms)
			ExecutionOrderSort2 (0ms)
			AwakeInstancesAfterBackupRestoration (4ms)
Platform modules already initialized, skipping
Refreshing native plugins compatible for Editor in 0.15 ms, found 2 plugins.
Preloading 0 native plugins for Editor in 0.00 ms.
Unloading 1318 Unused Serialized files (Serialized files now loaded: 0)
System memory in use before: 67.8 MB.
System memory in use after: 67.9 MB.

Unloading 11 unused Assets to reduce memory usage. Loaded Objects now: 1922.
Total: 1.454600 ms (FindLiveObjects: 0.132900 ms CreateObjectMapping: 0.032100 ms MarkObjects: 1.276500 ms  DeleteObjects: 0.012500 ms)

AssetImportParameters requested are different than current active one (requested -> active):
  custom:framework-win-MediaFoundation: 216162199b28c13a410421893ffa2e32 -> 
  custom:video-decoder-ogg-theora: a1e56fd34408186e4bbccfd4996cb3dc -> 
  custom:container-muxer-webm: aa71ff27fc2769a1b78a27578f13a17b -> 
  custom:container-demuxer-webm: 4f35f7cbe854078d1ac9338744f61a02 -> 
  custom:container-demuxer-ogg: 62fdf1f143b41e24485cea50d1cbac27 -> 
  custom:video-encoder-webm-vp8: eb34c28f22e8b96e1ab97ce403110664 -> 
  custom:video-codec-MediaFoundation-h265: 746d11721c4dcdbdad8f713fa42b33f4 -> 
  custom:video-decoder-webm-vp8: 9c59270c3fd7afecdb556c50c9e8de78 -> 
  custom:audio-decoder-ogg-vorbis: bf7c407c2cedff20999df2af8eb42d56 -> 
  custom:audio-encoder-webm-vorbis: bf7c407c2cedff20999df2af8eb42d56 -> 
========================================================================
Received Import Request.
  Time since last request: 73.961208 seconds.
  path: Assets/Prefabs/Castle 2.prefab
  artifactKey: Guid(1236bdde53ef02843ba74b1f080cb465) Importer(815301076,1909f56bfc062723c751e8b465ee728b)
Start importing Assets/Prefabs/Castle 2.prefab using Guid(1236bdde53ef02843ba74b1f080cb465) Importer(815301076,1909f56bfc062723c751e8b465ee728b)  -> (artifact id: 'c1666d017537ef2d0ea5fb11894b195c') in 0.034631 seconds 
  Import took 0.036519 seconds .

========================================================================
Received Import Request.
  Time since last request: 0.000194 seconds.
  path: Assets/Prefabs/Castle 0.prefab
  artifactKey: Guid(db4a1ba574fb63e41b2c8d00856efead) Importer(815301076,1909f56bfc062723c751e8b465ee728b)
Start importing Assets/Prefabs/Castle 0.prefab using Guid(db4a1ba574fb63e41b2c8d00856efead) Importer(815301076,1909f56bfc062723c751e8b465ee728b)  -> (artifact id: '1fa301682c6f9dd5dc60f80b9f9e61f3') in 0.006021 seconds 
  Import took 0.007561 seconds .

========================================================================
Received Import Request.
  Time since last request: 0.000132 seconds.
  path: Assets/Prefabs/Wall (1).prefab
  artifactKey: Guid(881e1e22acfede141ad544fefc1365f6) Importer(815301076,1909f56bfc062723c751e8b465ee728b)
Start importing Assets/Prefabs/Wall (1).prefab using Guid(881e1e22acfede141ad544fefc1365f6) Importer(815301076,1909f56bfc062723c751e8b465ee728b)  -> (artifact id: 'bff591dee71f8a49a3fe984d276a5267') in 0.004953 seconds 
  Import took 0.006214 seconds .

========================================================================
Received Import Request.
  Time since last request: 0.000143 seconds.
  path: Assets/Prefabs/Castle 1.prefab
  artifactKey: Guid(5983c3437c48605449c27a83a9368942) Importer(815301076,1909f56bfc062723c751e8b465ee728b)
Start importing Assets/Prefabs/Castle 1.prefab using Guid(5983c3437c48605449c27a83a9368942) Importer(815301076,1909f56bfc062723c751e8b465ee728b)  -> (artifact id: '3aaba93a39a9c1d3ef469d3452ea8636') in 0.006580 seconds 
  Import took 0.008311 seconds .

========================================================================
Received Import Request.
  Time since last request: 0.000147 seconds.
  path: Assets/Prefabs/Castle 3.prefab
  artifactKey: Guid(e65f984a9421b34458a1113233cbbbc8) Importer(815301076,1909f56bfc062723c751e8b465ee728b)
Start importing Assets/Prefabs/Castle 3.prefab using Guid(e65f984a9421b34458a1113233cbbbc8) Importer(815301076,1909f56bfc062723c751e8b465ee728b)  -> (artifact id: '769623c2e921f37f48508c1b2ef4789b') in 0.006038 seconds 
  Import took 0.007616 seconds .

========================================================================
Received Prepare
Registering precompiled user dll's ...
Registered in 0.001368 seconds.
Begin MonoManager ReloadAssembly
Native extension for WindowsStandalone target not found
Native extension for WebGL target not found
Refreshing native plugins compatible for Editor in 0.27 ms, found 2 plugins.
Preloading 0 native plugins for Editor in 0.00 ms.
Mono: successfully reloaded assembly
- Completed reload, in  0.576 seconds
Domain Reload Profiling:
	ReloadAssembly (576ms)
		BeginReloadAssembly (79ms)
			ExecutionOrderSort (0ms)
			DisableScriptedObjects (3ms)
			BackupInstance (0ms)
			ReleaseScriptingObjects (0ms)
			CreateAndSetChildDomain (21ms)
		EndReloadAssembly (460ms)
			LoadAssemblies (50ms)
			RebuildTransferFunctionScriptingTraits (0ms)
			SetupTypeCache (154ms)
			ReleaseScriptCaches (1ms)
			RebuildScriptCaches (21ms)
			SetupLoadedEditorAssemblies (180ms)
				LogAssemblyErrors (0ms)
				InitializePlatformSupportModulesInManaged (4ms)
				SetLoadedEditorAssemblies (0ms)
				RefreshPlugins (0ms)
				BeforeProcessingInitializeOnLoad (42ms)
				ProcessInitializeOnLoadAttributes (127ms)
				ProcessInitializeOnLoadMethodAttributes (3ms)
				AfterProcessingInitializeOnLoad (4ms)
				EditorAssembliesLoaded (0ms)
			ExecutionOrderSort2 (0ms)
			AwakeInstancesAfterBackupRestoration (4ms)
Platform modules already initialized, skipping
Refreshing native plugins compatible for Editor in 0.15 ms, found 2 plugins.
Preloading 0 native plugins for Editor in 0.00 ms.
Unloading 1318 Unused Serialized files (Serialized files now loaded: 0)
System memory in use before: 67.8 MB.
System memory in use after: 67.9 MB.

Unloading 11 unused Assets to reduce memory usage. Loaded Objects now: 1926.
Total: 1.454800 ms (FindLiveObjects: 0.132000 ms CreateObjectMapping: 0.031600 ms MarkObjects: 1.278200 ms  DeleteObjects: 0.012100 ms)

AssetImportParameters requested are different than current active one (requested -> active):
  custom:framework-win-MediaFoundation: 216162199b28c13a410421893ffa2e32 -> 
  custom:video-decoder-ogg-theora: a1e56fd34408186e4bbccfd4996cb3dc -> 
  custom:container-muxer-webm: aa71ff27fc2769a1b78a27578f13a17b -> 
  custom:container-demuxer-webm: 4f35f7cbe854078d1ac9338744f61a02 -> 
  custom:container-demuxer-ogg: 62fdf1f143b41e24485cea50d1cbac27 -> 
  custom:video-encoder-webm-vp8: eb34c28f22e8b96e1ab97ce403110664 -> 
  custom:video-codec-MediaFoundation-h265: 746d11721c4dcdbdad8f713fa42b33f4 -> 
  custom:video-decoder-webm-vp8: 9c59270c3fd7afecdb556c50c9e8de78 -> 
  custom:audio-decoder-ogg-vorbis: bf7c407c2cedff20999df2af8eb42d56 -> 
  custom:audio-encoder-webm-vorbis: bf7c407c2cedff20999df2af8eb42d56 -> 
========================================================================
Received Import Request.
  Time since last request: 8.465679 seconds.
  path: Assets/Prefabs/Castle 2.prefab
  artifactKey: Guid(1236bdde53ef02843ba74b1f080cb465) Importer(815301076,1909f56bfc062723c751e8b465ee728b)
Start importing Assets/Prefabs/Castle 2.prefab using Guid(1236bdde53ef02843ba74b1f080cb465) Importer(815301076,1909f56bfc062723c751e8b465ee728b)  -> (artifact id: 'b0976b380f08913cadc7b9bbf8a2f757') in 0.034712 seconds 
  Import took 0.036435 seconds .

========================================================================
Received Import Request.
  Time since last request: 0.000160 seconds.
  path: Assets/Prefabs/Castle 0.prefab
  artifactKey: Guid(db4a1ba574fb63e41b2c8d00856efead) Importer(815301076,1909f56bfc062723c751e8b465ee728b)
Start importing Assets/Prefabs/Castle 0.prefab using Guid(db4a1ba574fb63e41b2c8d00856efead) Importer(815301076,1909f56bfc062723c751e8b465ee728b)  -> (artifact id: 'c9f0c6a4fea01cd9be638c50fd9c52ae') in 0.006023 seconds 
  Import took 0.007437 seconds .

========================================================================
Received Import Request.
  Time since last request: 0.000138 seconds.
  path: Assets/Prefabs/Slab.prefab
  artifactKey: Guid(f5451dcd36cb8dc45b8406c3ab105ced) Importer(815301076,1909f56bfc062723c751e8b465ee728b)
Start importing Assets/Prefabs/Slab.prefab using Guid(f5451dcd36cb8dc45b8406c3ab105ced) Importer(815301076,1909f56bfc062723c751e8b465ee728b)  -> (artifact id: '7aa869aab1ddb01ee00ba56c20291284') in 0.005426 seconds 
  Import took 0.006794 seconds .

========================================================================
Received Import Request.
  Time since last request: 0.000151 seconds.
  path: Assets/Prefabs/Castle 1.prefab
  artifactKey: Guid(5983c3437c48605449c27a83a9368942) Importer(815301076,1909f56bfc062723c751e8b465ee728b)
Start importing Assets/Prefabs/Castle 1.prefab using Guid(5983c3437c48605449c27a83a9368942) Importer(815301076,1909f56bfc062723c751e8b465ee728b)  -> (artifact id: 'b1637e4925d817470cc1410a342cc814') in 0.006709 seconds 
  Import took 0.008508 seconds .

========================================================================
Received Import Request.
  Time since last request: 0.000153 seconds.
  path: Assets/Prefabs/Castle 3.prefab
  artifactKey: Guid(e65f984a9421b34458a1113233cbbbc8) Importer(815301076,1909f56bfc062723c751e8b465ee728b)
Start importing Assets/Prefabs/Castle 3.prefab using Guid(e65f984a9421b34458a1113233cbbbc8) Importer(815301076,1909f56bfc062723c751e8b465ee728b)  -> (artifact id: '6175005b7ea8919b28e9ac319f8ddaa7') in 0.006280 seconds 
  Import took 0.007832 seconds .

========================================================================
Received Prepare
Registering precompiled user dll's ...
Registered in 0.001340 seconds.
Begin MonoManager ReloadAssembly
Native extension for WindowsStandalone target not found
Native extension for WebGL target not found
Refreshing native plugins compatible for Editor in 0.27 ms, found 2 plugins.
Preloading 0 native plugins for Editor in 0.00 ms.
Mono: successfully reloaded assembly
- Completed reload, in  0.553 seconds
Domain Reload Profiling:
	ReloadAssembly (553ms)
		BeginReloadAssembly (70ms)
			ExecutionOrderSort (0ms)
			DisableScriptedObjects (3ms)
			BackupInstance (0ms)
			ReleaseScriptingObjects (0ms)
			CreateAndSetChildDomain (21ms)
		EndReloadAssembly (445ms)
			LoadAssemblies (50ms)
			RebuildTransferFunctionScriptingTraits (0ms)
			SetupTypeCache (145ms)
			ReleaseScriptCaches (1ms)
			RebuildScriptCaches (21ms)
			SetupLoadedEditorAssemblies (173ms)
				LogAssemblyErrors (0ms)
				InitializePlatformSupportModulesInManaged (4ms)
				SetLoadedEditorAssemblies (0ms)
				RefreshPlugins (0ms)
				BeforeProcessingInitializeOnLoad (42ms)
				ProcessInitializeOnLoadAttributes (120ms)
				ProcessInitializeOnLoadMethodAttributes (2ms)
				AfterProcessingInitializeOnLoad (4ms)
				EditorAssembliesLoaded (0ms)
			ExecutionOrderSort2 (0ms)
			AwakeInstancesAfterBackupRestoration (4ms)
Platform modules already initialized, skipping
Refreshing native plugins compatible for Editor in 0.24 ms, found 2 plugins.
Preloading 0 native plugins for Editor in 0.00 ms.
Unloading 1318 Unused Serialized files (Serialized files now loaded: 0)
System memory in use before: 67.8 MB.
System memory in use after: 67.9 MB.

Unloading 11 unused Assets to reduce memory usage. Loaded Objects now: 1930.
Total: 1.492400 ms (FindLiveObjects: 0.144600 ms CreateObjectMapping: 0.033100 ms MarkObjects: 1.301500 ms  DeleteObjects: 0.012700 ms)

AssetImportParameters requested are different than current active one (requested -> active):
  custom:framework-win-MediaFoundation: 216162199b28c13a410421893ffa2e32 -> 
  custom:video-decoder-ogg-theora: a1e56fd34408186e4bbccfd4996cb3dc -> 
  custom:container-muxer-webm: aa71ff27fc2769a1b78a27578f13a17b -> 
  custom:container-demuxer-webm: 4f35f7cbe854078d1ac9338744f61a02 -> 
  custom:container-demuxer-ogg: 62fdf1f143b41e24485cea50d1cbac27 -> 
  custom:video-encoder-webm-vp8: eb34c28f22e8b96e1ab97ce403110664 -> 
  custom:video-codec-MediaFoundation-h265: 746d11721c4dcdbdad8f713fa42b33f4 -> 
  custom:video-decoder-webm-vp8: 9c59270c3fd7afecdb556c50c9e8de78 -> 
  custom:audio-decoder-ogg-vorbis: bf7c407c2cedff20999df2af8eb42d56 -> 
  custom:audio-encoder-webm-vorbis: bf7c407c2cedff20999df2af8eb42d56 -> 
========================================================================
Received Prepare
Registering precompiled user dll's ...
Registered in 0.001452 seconds.
Begin MonoManager ReloadAssembly
Native extension for WindowsStandalone target not found
Native extension for WebGL target not found
Refreshing native plugins compatible for Editor in 0.28 ms, found 2 plugins.
Preloading 0 native plugins for Editor in 0.00 ms.
Mono: successfully reloaded assembly
- Completed reload, in  0.630 seconds
Domain Reload Profiling:
	ReloadAssembly (630ms)
		BeginReloadAssembly (81ms)
			ExecutionOrderSort (0ms)
			DisableScriptedObjects (3ms)
			BackupInstance (0ms)
			ReleaseScriptingObjects (0ms)
			CreateAndSetChildDomain (24ms)
		EndReloadAssembly (505ms)
			LoadAssemblies (58ms)
			RebuildTransferFunctionScriptingTraits (0ms)
			SetupTypeCache (165ms)
			ReleaseScriptCaches (1ms)
			RebuildScriptCaches (24ms)
			SetupLoadedEditorAssemblies (199ms)
				LogAssemblyErrors (0ms)
				InitializePlatformSupportModulesInManaged (5ms)
				SetLoadedEditorAssemblies (0ms)
				RefreshPlugins (0ms)
				BeforeProcessingInitializeOnLoad (48ms)
				ProcessInitializeOnLoadAttributes (139ms)
				ProcessInitializeOnLoadMethodAttributes (3ms)
				AfterProcessingInitializeOnLoad (4ms)
				EditorAssembliesLoaded (0ms)
			ExecutionOrderSort2 (0ms)
			AwakeInstancesAfterBackupRestoration (5ms)
Platform modules already initialized, skipping
Refreshing native plugins compatible for Editor in 0.24 ms, found 2 plugins.
Preloading 0 native plugins for Editor in 0.00 ms.
Unloading 1318 Unused Serialized files (Serialized files now loaded: 0)
System memory in use before: 67.8 MB.
System memory in use after: 67.9 MB.

Unloading 11 unused Assets to reduce memory usage. Loaded Objects now: 1933.
Total: 1.590800 ms (FindLiveObjects: 0.152200 ms CreateObjectMapping: 0.027000 ms MarkObjects: 1.396100 ms  DeleteObjects: 0.014600 ms)

AssetImportParameters requested are different than current active one (requested -> active):
  custom:framework-win-MediaFoundation: 216162199b28c13a410421893ffa2e32 -> 
  custom:video-decoder-ogg-theora: a1e56fd34408186e4bbccfd4996cb3dc -> 
  custom:container-muxer-webm: aa71ff27fc2769a1b78a27578f13a17b -> 
  custom:container-demuxer-webm: 4f35f7cbe854078d1ac9338744f61a02 -> 
  custom:container-demuxer-ogg: 62fdf1f143b41e24485cea50d1cbac27 -> 
  custom:video-encoder-webm-vp8: eb34c28f22e8b96e1ab97ce403110664 -> 
  custom:video-codec-MediaFoundation-h265: 746d11721c4dcdbdad8f713fa42b33f4 -> 
  custom:video-decoder-webm-vp8: 9c59270c3fd7afecdb556c50c9e8de78 -> 
  custom:audio-decoder-ogg-vorbis: bf7c407c2cedff20999df2af8eb42d56 -> 
  custom:audio-encoder-webm-vorbis: bf7c407c2cedff20999df2af8eb42d56 -> 
========================================================================
Received Prepare
Registering precompiled user dll's ...
Registered in 0.001423 seconds.
Begin MonoManager ReloadAssembly
Native extension for WindowsStandalone target not found
Native extension for WebGL target not found
Refreshing native plugins compatible for Editor in 0.26 ms, found 2 plugins.
Preloading 0 native plugins for Editor in 0.00 ms.
Mono: successfully reloaded assembly
- Completed reload, in  0.565 seconds
Domain Reload Profiling:
	ReloadAssembly (565ms)
		BeginReloadAssembly (75ms)
			ExecutionOrderSort (0ms)
			DisableScriptedObjects (3ms)
			BackupInstance (0ms)
			ReleaseScriptingObjects (0ms)
			CreateAndSetChildDomain (21ms)
		EndReloadAssembly (451ms)
			LoadAssemblies (52ms)
			RebuildTransferFunctionScriptingTraits (0ms)
			SetupTypeCache (147ms)
			ReleaseScriptCaches (1ms)
			RebuildScriptCaches (22ms)
			SetupLoadedEditorAssemblies (176ms)
				LogAssemblyErrors (0ms)
				InitializePlatformSupportModulesInManaged (4ms)
				SetLoadedEditorAssemblies (0ms)
				RefreshPlugins (0ms)
				BeforeProcessingInitializeOnLoad (42ms)
				ProcessInitializeOnLoadAttributes (123ms)
				ProcessInitializeOnLoadMethodAttributes (2ms)
				AfterProcessingInitializeOnLoad (4ms)
				EditorAssembliesLoaded (0ms)
			ExecutionOrderSort2 (0ms)
			AwakeInstancesAfterBackupRestoration (4ms)
Platform modules already initialized, skipping
Refreshing native plugins compatible for Editor in 0.15 ms, found 2 plugins.
Preloading 0 native plugins for Editor in 0.00 ms.
Unloading 1318 Unused Serialized files (Serialized files now loaded: 0)
System memory in use before: 67.8 MB.
System memory in use after: 68.0 MB.

Unloading 11 unused Assets to reduce memory usage. Loaded Objects now: 1936.
Total: 1.428400 ms (FindLiveObjects: 0.120000 ms CreateObjectMapping: 0.027800 ms MarkObjects: 1.267500 ms  DeleteObjects: 0.012500 ms)

AssetImportParameters requested are different than current active one (requested -> active):
  custom:framework-win-MediaFoundation: 216162199b28c13a410421893ffa2e32 -> 
  custom:video-decoder-ogg-theora: a1e56fd34408186e4bbccfd4996cb3dc -> 
  custom:container-muxer-webm: aa71ff27fc2769a1b78a27578f13a17b -> 
  custom:container-demuxer-webm: 4f35f7cbe854078d1ac9338744f61a02 -> 
  custom:container-demuxer-ogg: 62fdf1f143b41e24485cea50d1cbac27 -> 
  custom:video-encoder-webm-vp8: eb34c28f22e8b96e1ab97ce403110664 -> 
  custom:video-codec-MediaFoundation-h265: 746d11721c4dcdbdad8f713fa42b33f4 -> 
  custom:video-decoder-webm-vp8: 9c59270c3fd7afecdb556c50c9e8de78 -> 
  custom:audio-decoder-ogg-vorbis: bf7c407c2cedff20999df2af8eb42d56 -> 
  custom:audio-encoder-webm-vorbis: bf7c407c2cedff20999df2af8eb42d56 -> 
========================================================================
Received Import Request.
  Time since last request: 70.097578 seconds.
  path: Assets/Prefabs/Castle 0.prefab
  artifactKey: Guid(db4a1ba574fb63e41b2c8d00856efead) Importer(815301076,1909f56bfc062723c751e8b465ee728b)
Start importing Assets/Prefabs/Castle 0.prefab using Guid(db4a1ba574fb63e41b2c8d00856efead) Importer(815301076,1909f56bfc062723c751e8b465ee728b)  -> (artifact id: 'ff2c9d93ed15526da8cfc84d51fbb954') in 0.039429 seconds 
  Import took 0.041316 seconds .

========================================================================
Received Import Request.
  Time since last request: 2.547504 seconds.
  path: Assets/Prefabs/Castle 0.prefab
  artifactKey: Guid(db4a1ba574fb63e41b2c8d00856efead) Importer(815301076,1909f56bfc062723c751e8b465ee728b)
Start importing Assets/Prefabs/Castle 0.prefab using Guid(db4a1ba574fb63e41b2c8d00856efead) Importer(815301076,1909f56bfc062723c751e8b465ee728b)  -> (artifact id: '1d80de009ff868db83dfedf5f2fb0f6c') in 0.011243 seconds 
  Import took 0.013548 seconds .

========================================================================
Received Import Request.
  Time since last request: 1.193572 seconds.
  path: Assets/Prefabs/Castle 0.prefab
  artifactKey: Guid(db4a1ba574fb63e41b2c8d00856efead) Importer(815301076,1909f56bfc062723c751e8b465ee728b)
Start importing Assets/Prefabs/Castle 0.prefab using Guid(db4a1ba574fb63e41b2c8d00856efead) Importer(815301076,1909f56bfc062723c751e8b465ee728b)  -> (artifact id: '1ef414269808c3f3711cb96279711702') in 0.007597 seconds 
  Import took 0.009681 seconds .

========================================================================
Received Import Request.
  Time since last request: 4.460478 seconds.
  path: Assets/Prefabs/Castle 0.prefab
  artifactKey: Guid(db4a1ba574fb63e41b2c8d00856efead) Importer(815301076,1909f56bfc062723c751e8b465ee728b)
Start importing Assets/Prefabs/Castle 0.prefab using Guid(db4a1ba574fb63e41b2c8d00856efead) Importer(815301076,1909f56bfc062723c751e8b465ee728b)  -> (artifact id: '385c418b66dc1ea69c3f88836feafdca') in 0.011405 seconds 
  Import took 0.013618 seconds .

========================================================================
Received Import Request.
  Time since last request: 4.398186 seconds.
  path: Assets/Prefabs/Castle 0.prefab
  artifactKey: Guid(db4a1ba574fb63e41b2c8d00856efead) Importer(815301076,1909f56bfc062723c751e8b465ee728b)
Start importing Assets/Prefabs/Castle 0.prefab using Guid(db4a1ba574fb63e41b2c8d00856efead) Importer(815301076,1909f56bfc062723c751e8b465ee728b)  -> (artifact id: 'acac390604ee7b7c0c26d245d29a99a9') in 0.006917 seconds 
  Import took 0.008859 seconds .

========================================================================
Received Prepare
Registering precompiled user dll's ...
Registered in 0.001409 seconds.
Begin MonoManager ReloadAssembly
Native extension for WindowsStandalone target not found
Native extension for WebGL target not found
Refreshing native plugins compatible for Editor in 0.27 ms, found 2 plugins.
Preloading 0 native plugins for Editor in 0.00 ms.
Mono: successfully reloaded assembly
- Completed reload, in  0.564 seconds
Domain Reload Profiling:
	ReloadAssembly (564ms)
		BeginReloadAssembly (75ms)
			ExecutionOrderSort (0ms)
			DisableScriptedObjects (3ms)
			BackupInstance (0ms)
			ReleaseScriptingObjects (0ms)
			CreateAndSetChildDomain (23ms)
		EndReloadAssembly (449ms)
			LoadAssemblies (52ms)
			RebuildTransferFunctionScriptingTraits (0ms)
			SetupTypeCache (148ms)
			ReleaseScriptCaches (1ms)
			RebuildScriptCaches (21ms)
			SetupLoadedEditorAssemblies (175ms)
				LogAssemblyErrors (0ms)
				InitializePlatformSupportModulesInManaged (4ms)
				SetLoadedEditorAssemblies (0ms)
				RefreshPlugins (0ms)
				BeforeProcessingInitializeOnLoad (42ms)
				ProcessInitializeOnLoadAttributes (122ms)
				ProcessInitializeOnLoadMethodAttributes (2ms)
				AfterProcessingInitializeOnLoad (4ms)
				EditorAssembliesLoaded (0ms)
			ExecutionOrderSort2 (0ms)
			AwakeInstancesAfterBackupRestoration (4ms)
Platform modules already initialized, skipping
Refreshing native plugins compatible for Editor in 0.19 ms, found 2 plugins.
Preloading 0 native plugins for Editor in 0.00 ms.
Unloading 1318 Unused Serialized files (Serialized files now loaded: 0)
System memory in use before: 67.9 MB.
System memory in use after: 68.0 MB.

Unloading 11 unused Assets to reduce memory usage. Loaded Objects now: 1940.
Total: 1.477600 ms (FindLiveObjects: 0.117800 ms CreateObjectMapping: 0.033000 ms MarkObjects: 1.313700 ms  DeleteObjects: 0.012600 ms)

AssetImportParameters requested are different than current active one (requested -> active):
  custom:framework-win-MediaFoundation: 216162199b28c13a410421893ffa2e32 -> 
  custom:video-decoder-ogg-theora: a1e56fd34408186e4bbccfd4996cb3dc -> 
  custom:container-muxer-webm: aa71ff27fc2769a1b78a27578f13a17b -> 
  custom:container-demuxer-webm: 4f35f7cbe854078d1ac9338744f61a02 -> 
  custom:container-demuxer-ogg: 62fdf1f143b41e24485cea50d1cbac27 -> 
  custom:video-encoder-webm-vp8: eb34c28f22e8b96e1ab97ce403110664 -> 
  custom:video-codec-MediaFoundation-h265: 746d11721c4dcdbdad8f713fa42b33f4 -> 
  custom:video-decoder-webm-vp8: 9c59270c3fd7afecdb556c50c9e8de78 -> 
  custom:audio-decoder-ogg-vorbis: bf7c407c2cedff20999df2af8eb42d56 -> 
  custom:audio-encoder-webm-vorbis: bf7c407c2cedff20999df2af8eb42d56 -> 
========================================================================
Received Import Request.
  Time since last request: 35.134211 seconds.
  path: Assets/Prefabs/Castle 0.prefab
  artifactKey: Guid(db4a1ba574fb63e41b2c8d00856efead) Importer(815301076,1909f56bfc062723c751e8b465ee728b)
Start importing Assets/Prefabs/Castle 0.prefab using Guid(db4a1ba574fb63e41b2c8d00856efead) Importer(815301076,1909f56bfc062723c751e8b465ee728b)  -> (artifact id: 'e10f64b002280aacf3361c228df1727c') in 0.039821 seconds 
  Import took 0.041805 seconds .

========================================================================
Received Import Request.
  Time since last request: 5.486568 seconds.
  path: Assets/Prefabs/Castle 0.prefab
  artifactKey: Guid(db4a1ba574fb63e41b2c8d00856efead) Importer(815301076,1909f56bfc062723c751e8b465ee728b)
Start importing Assets/Prefabs/Castle 0.prefab using Guid(db4a1ba574fb63e41b2c8d00856efead) Importer(815301076,1909f56bfc062723c751e8b465ee728b)  -> (artifact id: '3b5e75e8cc9332c593623be85d93c521') in 0.007133 seconds 
  Import took 0.009319 seconds .

========================================================================
Received Prepare
Registering precompiled user dll's ...
Registered in 0.001501 seconds.
Begin MonoManager ReloadAssembly
Native extension for WindowsStandalone target not found
Native extension for WebGL target not found
Refreshing native plugins compatible for Editor in 0.27 ms, found 2 plugins.
Preloading 0 native plugins for Editor in 0.00 ms.
Mono: successfully reloaded assembly
- Completed reload, in  0.562 seconds
Domain Reload Profiling:
	ReloadAssembly (562ms)
		BeginReloadAssembly (79ms)
			ExecutionOrderSort (0ms)
			DisableScriptedObjects (3ms)
			BackupInstance (0ms)
			ReleaseScriptingObjects (0ms)
			CreateAndSetChildDomain (21ms)
		EndReloadAssembly (442ms)
			LoadAssemblies (49ms)
			RebuildTransferFunctionScriptingTraits (0ms)
			SetupTypeCache (149ms)
			ReleaseScriptCaches (1ms)
			RebuildScriptCaches (21ms)
			SetupLoadedEditorAssemblies (167ms)
				LogAssemblyErrors (0ms)
				InitializePlatformSupportModulesInManaged (4ms)
				SetLoadedEditorAssemblies (0ms)
				RefreshPlugins (0ms)
				BeforeProcessingInitializeOnLoad (41ms)
				ProcessInitializeOnLoadAttributes (115ms)
				ProcessInitializeOnLoadMethodAttributes (2ms)
				AfterProcessingInitializeOnLoad (4ms)
				EditorAssembliesLoaded (0ms)
			ExecutionOrderSort2 (0ms)
			AwakeInstancesAfterBackupRestoration (4ms)
Platform modules already initialized, skipping
Refreshing native plugins compatible for Editor in 0.20 ms, found 2 plugins.
Preloading 0 native plugins for Editor in 0.00 ms.
Unloading 1318 Unused Serialized files (Serialized files now loaded: 0)
System memory in use before: 67.9 MB.
System memory in use after: 68.0 MB.

Unloading 11 unused Assets to reduce memory usage. Loaded Objects now: 1944.
Total: 1.534100 ms (FindLiveObjects: 0.126500 ms CreateObjectMapping: 0.032700 ms MarkObjects: 1.361100 ms  DeleteObjects: 0.013100 ms)

AssetImportParameters requested are different than current active one (requested -> active):
  custom:framework-win-MediaFoundation: 216162199b28c13a410421893ffa2e32 -> 
  custom:video-decoder-ogg-theora: a1e56fd34408186e4bbccfd4996cb3dc -> 
  custom:container-muxer-webm: aa71ff27fc2769a1b78a27578f13a17b -> 
  custom:container-demuxer-webm: 4f35f7cbe854078d1ac9338744f61a02 -> 
  custom:container-demuxer-ogg: 62fdf1f143b41e24485cea50d1cbac27 -> 
  custom:video-encoder-webm-vp8: eb34c28f22e8b96e1ab97ce403110664 -> 
  custom:video-codec-MediaFoundation-h265: 746d11721c4dcdbdad8f713fa42b33f4 -> 
  custom:video-decoder-webm-vp8: 9c59270c3fd7afecdb556c50c9e8de78 -> 
  custom:audio-decoder-ogg-vorbis: bf7c407c2cedff20999df2af8eb42d56 -> 
  custom:audio-encoder-webm-vorbis: bf7c407c2cedff20999df2af8eb42d56 -> 
========================================================================
Received Import Request.
  Time since last request: 16.613951 seconds.
  path: Assets/Prefabs/Castle 0.prefab
  artifactKey: Guid(db4a1ba574fb63e41b2c8d00856efead) Importer(815301076,1909f56bfc062723c751e8b465ee728b)
Start importing Assets/Prefabs/Castle 0.prefab using Guid(db4a1ba574fb63e41b2c8d00856efead) Importer(815301076,1909f56bfc062723c751e8b465ee728b)  -> (artifact id: '4ac4288c4ee8b2b7a407720363784ea3') in 0.038985 seconds 
  Import took 0.041111 seconds .

========================================================================
Received Import Request.
  Time since last request: 1.768343 seconds.
  path: Assets/Prefabs/Castle 0.prefab
  artifactKey: Guid(db4a1ba574fb63e41b2c8d00856efead) Importer(815301076,1909f56bfc062723c751e8b465ee728b)
Start importing Assets/Prefabs/Castle 0.prefab using Guid(db4a1ba574fb63e41b2c8d00856efead) Importer(815301076,1909f56bfc062723c751e8b465ee728b)  -> (artifact id: 'de413aa126dd02cb7e1c141e22f90f92') in 0.006866 seconds 
  Import took 0.009008 seconds .

========================================================================
Received Prepare
Registering precompiled user dll's ...
Registered in 0.001442 seconds.
Begin MonoManager ReloadAssembly
Native extension for WindowsStandalone target not found
Native extension for WebGL target not found
Refreshing native plugins compatible for Editor in 0.27 ms, found 2 plugins.
Preloading 0 native plugins for Editor in 0.00 ms.
Mono: successfully reloaded assembly
- Completed reload, in  0.568 seconds
Domain Reload Profiling:
	ReloadAssembly (568ms)
		BeginReloadAssembly (79ms)
			ExecutionOrderSort (0ms)
			DisableScriptedObjects (3ms)
			BackupInstance (0ms)
			ReleaseScriptingObjects (0ms)
			CreateAndSetChildDomain (26ms)
		EndReloadAssembly (447ms)
			LoadAssemblies (56ms)
			RebuildTransferFunctionScriptingTraits (0ms)
			SetupTypeCache (146ms)
			ReleaseScriptCaches (1ms)
			RebuildScriptCaches (21ms)
			SetupLoadedEditorAssemblies (171ms)
				LogAssemblyErrors (0ms)
				InitializePlatformSupportModulesInManaged (4ms)
				SetLoadedEditorAssemblies (0ms)
				RefreshPlugins (0ms)
				BeforeProcessingInitializeOnLoad (42ms)
				ProcessInitializeOnLoadAttributes (118ms)
				ProcessInitializeOnLoadMethodAttributes (2ms)
				AfterProcessingInitializeOnLoad (4ms)
				EditorAssembliesLoaded (0ms)
			ExecutionOrderSort2 (0ms)
			AwakeInstancesAfterBackupRestoration (4ms)
Platform modules already initialized, skipping
Refreshing native plugins compatible for Editor in 0.20 ms, found 2 plugins.
Preloading 0 native plugins for Editor in 0.00 ms.
Unloading 1318 Unused Serialized files (Serialized files now loaded: 0)
System memory in use before: 67.9 MB.
System memory in use after: 68.0 MB.

Unloading 11 unused Assets to reduce memory usage. Loaded Objects now: 1948.
Total: 1.479700 ms (FindLiveObjects: 0.126100 ms CreateObjectMapping: 0.027600 ms MarkObjects: 1.313200 ms  DeleteObjects: 0.012300 ms)

AssetImportParameters requested are different than current active one (requested -> active):
  custom:framework-win-MediaFoundation: 216162199b28c13a410421893ffa2e32 -> 
  custom:video-decoder-ogg-theora: a1e56fd34408186e4bbccfd4996cb3dc -> 
  custom:container-muxer-webm: aa71ff27fc2769a1b78a27578f13a17b -> 
  custom:container-demuxer-webm: 4f35f7cbe854078d1ac9338744f61a02 -> 
  custom:container-demuxer-ogg: 62fdf1f143b41e24485cea50d1cbac27 -> 
  custom:video-encoder-webm-vp8: eb34c28f22e8b96e1ab97ce403110664 -> 
  custom:video-codec-MediaFoundation-h265: 746d11721c4dcdbdad8f713fa42b33f4 -> 
  custom:video-decoder-webm-vp8: 9c59270c3fd7afecdb556c50c9e8de78 -> 
  custom:audio-decoder-ogg-vorbis: bf7c407c2cedff20999df2af8eb42d56 -> 
  custom:audio-encoder-webm-vorbis: bf7c407c2cedff20999df2af8eb42d56 -> 
========================================================================
Received Prepare
Registering precompiled user dll's ...
Registered in 0.001697 seconds.
Begin MonoManager ReloadAssembly
Native extension for WindowsStandalone target not found
Native extension for WebGL target not found
Refreshing native plugins compatible for Editor in 0.31 ms, found 2 plugins.
Preloading 0 native plugins for Editor in 0.00 ms.
Mono: successfully reloaded assembly
- Completed reload, in  0.677 seconds
Domain Reload Profiling:
	ReloadAssembly (678ms)
		BeginReloadAssembly (92ms)
			ExecutionOrderSort (0ms)
			DisableScriptedObjects (3ms)
			BackupInstance (0ms)
			ReleaseScriptingObjects (0ms)
			CreateAndSetChildDomain (24ms)
		EndReloadAssembly (540ms)
			LoadAssemblies (59ms)
			RebuildTransferFunctionScriptingTraits (0ms)
			SetupTypeCache (184ms)
			ReleaseScriptCaches (1ms)
			RebuildScriptCaches (26ms)
			SetupLoadedEditorAssemblies (207ms)
				LogAssemblyErrors (0ms)
				InitializePlatformSupportModulesInManaged (4ms)
				SetLoadedEditorAssemblies (0ms)
				RefreshPlugins (0ms)
				BeforeProcessingInitializeOnLoad (51ms)
				ProcessInitializeOnLoadAttributes (143ms)
				ProcessInitializeOnLoadMethodAttributes (3ms)
				AfterProcessingInitializeOnLoad (5ms)
				EditorAssembliesLoaded (0ms)
			ExecutionOrderSort2 (0ms)
			AwakeInstancesAfterBackupRestoration (5ms)
Platform modules already initialized, skipping
Refreshing native plugins compatible for Editor in 0.26 ms, found 2 plugins.
Preloading 0 native plugins for Editor in 0.00 ms.
Unloading 1318 Unused Serialized files (Serialized files now loaded: 0)
System memory in use before: 67.9 MB.
System memory in use after: 68.0 MB.

Unloading 11 unused Assets to reduce memory usage. Loaded Objects now: 1951.
Total: 1.784000 ms (FindLiveObjects: 0.131200 ms CreateObjectMapping: 0.030500 ms MarkObjects: 1.604400 ms  DeleteObjects: 0.017200 ms)

AssetImportParameters requested are different than current active one (requested -> active):
  custom:framework-win-MediaFoundation: 216162199b28c13a410421893ffa2e32 -> 
  custom:video-decoder-ogg-theora: a1e56fd34408186e4bbccfd4996cb3dc -> 
  custom:container-muxer-webm: aa71ff27fc2769a1b78a27578f13a17b -> 
  custom:container-demuxer-webm: 4f35f7cbe854078d1ac9338744f61a02 -> 
  custom:container-demuxer-ogg: 62fdf1f143b41e24485cea50d1cbac27 -> 
  custom:video-encoder-webm-vp8: eb34c28f22e8b96e1ab97ce403110664 -> 
  custom:video-codec-MediaFoundation-h265: 746d11721c4dcdbdad8f713fa42b33f4 -> 
  custom:video-decoder-webm-vp8: 9c59270c3fd7afecdb556c50c9e8de78 -> 
  custom:audio-decoder-ogg-vorbis: bf7c407c2cedff20999df2af8eb42d56 -> 
  custom:audio-encoder-webm-vorbis: bf7c407c2cedff20999df2af8eb42d56 -> 
========================================================================
Received Prepare
Registering precompiled user dll's ...
Registered in 0.647554 seconds.
Begin MonoManager ReloadAssembly
Symbol file data-0000021CABC14740 doesn't match image D:\MButler Github\MissionDemolition\Mission Demolition\Library\ScriptAssemblies\Assembly-CSharp.dll
Symbol file LoadedFromMemory is not a mono symbol file
Native extension for WindowsStandalone target not found
Native extension for WebGL target not found
Refreshing native plugins compatible for Editor in 0.27 ms, found 2 plugins.
Preloading 0 native plugins for Editor in 0.00 ms.
Mono: successfully reloaded assembly
- Completed reload, in  2.608 seconds
Domain Reload Profiling:
	ReloadAssembly (2608ms)
		BeginReloadAssembly (1234ms)
			ExecutionOrderSort (0ms)
			DisableScriptedObjects (3ms)
			BackupInstance (0ms)
			ReleaseScriptingObjects (0ms)
			CreateAndSetChildDomain (24ms)
		EndReloadAssembly (1334ms)
			LoadAssemblies (1866ms)
			RebuildTransferFunctionScriptingTraits (0ms)
			SetupTypeCache (342ms)
			ReleaseScriptCaches (1ms)
			RebuildScriptCaches (22ms)
			SetupLoadedEditorAssemblies (204ms)
				LogAssemblyErrors (0ms)
				InitializePlatformSupportModulesInManaged (4ms)
				SetLoadedEditorAssemblies (0ms)
				RefreshPlugins (0ms)
				BeforeProcessingInitializeOnLoad (43ms)
				ProcessInitializeOnLoadAttributes (150ms)
				ProcessInitializeOnLoadMethodAttributes (3ms)
				AfterProcessingInitializeOnLoad (4ms)
				EditorAssembliesLoaded (0ms)
			ExecutionOrderSort2 (0ms)
			AwakeInstancesAfterBackupRestoration (5ms)
Platform modules already initialized, skipping
Refreshing native plugins compatible for Editor in 0.31 ms, found 2 plugins.
Preloading 0 native plugins for Editor in 0.00 ms.
Unloading 1318 Unused Serialized files (Serialized files now loaded: 0)
System memory in use before: 67.9 MB.
System memory in use after: 68.0 MB.

Unloading 11 unused Assets to reduce memory usage. Loaded Objects now: 1954.
Total: 1.717900 ms (FindLiveObjects: 0.162100 ms CreateObjectMapping: 0.036600 ms MarkObjects: 1.503300 ms  DeleteObjects: 0.015400 ms)

AssetImportParameters requested are different than current active one (requested -> active):
  custom:framework-win-MediaFoundation: 216162199b28c13a410421893ffa2e32 -> 
  custom:video-decoder-ogg-theora: a1e56fd34408186e4bbccfd4996cb3dc -> 
  custom:container-muxer-webm: aa71ff27fc2769a1b78a27578f13a17b -> 
  custom:container-demuxer-webm: 4f35f7cbe854078d1ac9338744f61a02 -> 
  custom:container-demuxer-ogg: 62fdf1f143b41e24485cea50d1cbac27 -> 
  custom:video-encoder-webm-vp8: eb34c28f22e8b96e1ab97ce403110664 -> 
  custom:video-codec-MediaFoundation-h265: 746d11721c4dcdbdad8f713fa42b33f4 -> 
  custom:video-decoder-webm-vp8: 9c59270c3fd7afecdb556c50c9e8de78 -> 
  custom:audio-decoder-ogg-vorbis: bf7c407c2cedff20999df2af8eb42d56 -> 
  custom:audio-encoder-webm-vorbis: bf7c407c2cedff20999df2af8eb42d56 -> 
========================================================================
Received Prepare
Registering precompiled user dll's ...
Registered in 0.001484 seconds.
Begin MonoManager ReloadAssembly
Native extension for WindowsStandalone target not found
Native extension for WebGL target not found
Refreshing native plugins compatible for Editor in 0.27 ms, found 2 plugins.
Preloading 0 native plugins for Editor in 0.00 ms.
Mono: successfully reloaded assembly
- Completed reload, in  0.600 seconds
Domain Reload Profiling:
	ReloadAssembly (601ms)
		BeginReloadAssembly (89ms)
			ExecutionOrderSort (0ms)
			DisableScriptedObjects (3ms)
			BackupInstance (0ms)
			ReleaseScriptingObjects (0ms)
			CreateAndSetChildDomain (24ms)
		EndReloadAssembly (472ms)
			LoadAssemblies (54ms)
			RebuildTransferFunctionScriptingTraits (0ms)
			SetupTypeCache (163ms)
			ReleaseScriptCaches (1ms)
			RebuildScriptCaches (25ms)
			SetupLoadedEditorAssemblies (174ms)
				LogAssemblyErrors (0ms)
				InitializePlatformSupportModulesInManaged (4ms)
				SetLoadedEditorAssemblies (0ms)
				RefreshPlugins (0ms)
				BeforeProcessingInitializeOnLoad (42ms)
				ProcessInitializeOnLoadAttributes (121ms)
				ProcessInitializeOnLoadMethodAttributes (2ms)
				AfterProcessingInitializeOnLoad (4ms)
				EditorAssembliesLoaded (0ms)
			ExecutionOrderSort2 (0ms)
			AwakeInstancesAfterBackupRestoration (4ms)
Platform modules already initialized, skipping
Refreshing native plugins compatible for Editor in 0.16 ms, found 2 plugins.
Preloading 0 native plugins for Editor in 0.00 ms.
Unloading 1318 Unused Serialized files (Serialized files now loaded: 0)
System memory in use before: 67.9 MB.
System memory in use after: 68.0 MB.

Unloading 11 unused Assets to reduce memory usage. Loaded Objects now: 1957.
Total: 1.547300 ms (FindLiveObjects: 0.140900 ms CreateObjectMapping: 0.029900 ms MarkObjects: 1.364200 ms  DeleteObjects: 0.011600 ms)

AssetImportParameters requested are different than current active one (requested -> active):
  custom:framework-win-MediaFoundation: 216162199b28c13a410421893ffa2e32 -> 
  custom:video-decoder-ogg-theora: a1e56fd34408186e4bbccfd4996cb3dc -> 
  custom:container-muxer-webm: aa71ff27fc2769a1b78a27578f13a17b -> 
  custom:container-demuxer-webm: 4f35f7cbe854078d1ac9338744f61a02 -> 
  custom:container-demuxer-ogg: 62fdf1f143b41e24485cea50d1cbac27 -> 
  custom:video-encoder-webm-vp8: eb34c28f22e8b96e1ab97ce403110664 -> 
  custom:video-codec-MediaFoundation-h265: 746d11721c4dcdbdad8f713fa42b33f4 -> 
  custom:video-decoder-webm-vp8: 9c59270c3fd7afecdb556c50c9e8de78 -> 
  custom:audio-decoder-ogg-vorbis: bf7c407c2cedff20999df2af8eb42d56 -> 
  custom:audio-encoder-webm-vorbis: bf7c407c2cedff20999df2af8eb42d56 -> 
========================================================================
Received Prepare
Registering precompiled user dll's ...
Registered in 0.001447 seconds.
Begin MonoManager ReloadAssembly
Native extension for WindowsStandalone target not found
Native extension for WebGL target not found
Refreshing native plugins compatible for Editor in 0.28 ms, found 2 plugins.
Preloading 0 native plugins for Editor in 0.00 ms.
Mono: successfully reloaded assembly
- Completed reload, in  0.685 seconds
Domain Reload Profiling:
	ReloadAssembly (685ms)
		BeginReloadAssembly (101ms)
			ExecutionOrderSort (0ms)
			DisableScriptedObjects (3ms)
			BackupInstance (0ms)
			ReleaseScriptingObjects (0ms)
			CreateAndSetChildDomain (29ms)
		EndReloadAssembly (538ms)
			LoadAssemblies (66ms)
			RebuildTransferFunctionScriptingTraits (0ms)
			SetupTypeCache (193ms)
			ReleaseScriptCaches (1ms)
			RebuildScriptCaches (25ms)
			SetupLoadedEditorAssemblies (198ms)
				LogAssemblyErrors (0ms)
				InitializePlatformSupportModulesInManaged (4ms)
				SetLoadedEditorAssemblies (0ms)
				RefreshPlugins (0ms)
				BeforeProcessingInitializeOnLoad (47ms)
				ProcessInitializeOnLoadAttributes (139ms)
				ProcessInitializeOnLoadMethodAttributes (3ms)
				AfterProcessingInitializeOnLoad (4ms)
				EditorAssembliesLoaded (0ms)
			ExecutionOrderSort2 (0ms)
			AwakeInstancesAfterBackupRestoration (5ms)
Platform modules already initialized, skipping
Refreshing native plugins compatible for Editor in 0.26 ms, found 2 plugins.
Preloading 0 native plugins for Editor in 0.00 ms.
Unloading 1318 Unused Serialized files (Serialized files now loaded: 0)
System memory in use before: 67.9 MB.
System memory in use after: 68.0 MB.

Unloading 11 unused Assets to reduce memory usage. Loaded Objects now: 1960.
Total: 1.730000 ms (FindLiveObjects: 0.153800 ms CreateObjectMapping: 0.031700 ms MarkObjects: 1.527900 ms  DeleteObjects: 0.016200 ms)

AssetImportParameters requested are different than current active one (requested -> active):
  custom:framework-win-MediaFoundation: 216162199b28c13a410421893ffa2e32 -> 
  custom:video-decoder-ogg-theora: a1e56fd34408186e4bbccfd4996cb3dc -> 
  custom:container-muxer-webm: aa71ff27fc2769a1b78a27578f13a17b -> 
  custom:container-demuxer-webm: 4f35f7cbe854078d1ac9338744f61a02 -> 
  custom:container-demuxer-ogg: 62fdf1f143b41e24485cea50d1cbac27 -> 
  custom:video-encoder-webm-vp8: eb34c28f22e8b96e1ab97ce403110664 -> 
  custom:video-codec-MediaFoundation-h265: 746d11721c4dcdbdad8f713fa42b33f4 -> 
  custom:video-decoder-webm-vp8: 9c59270c3fd7afecdb556c50c9e8de78 -> 
  custom:audio-decoder-ogg-vorbis: bf7c407c2cedff20999df2af8eb42d56 -> 
  custom:audio-encoder-webm-vorbis: bf7c407c2cedff20999df2af8eb42d56 -> 
========================================================================
Received Import Request.
  Time since last request: 646.535374 seconds.
  path: Assets/Prefabs/projectile.prefab
  artifactKey: Guid(3592c812ed6b73948858debcc3b65e85) Importer(815301076,1909f56bfc062723c751e8b465ee728b)
Start importing Assets/Prefabs/projectile.prefab using Guid(3592c812ed6b73948858debcc3b65e85) Importer(815301076,1909f56bfc062723c751e8b465ee728b)  -> (artifact id: '16be22a457df29a907b3fcf963dba242') in 0.045896 seconds 
  Import took 0.048034 seconds .

========================================================================
Received Prepare
Registering precompiled user dll's ...
Registered in 0.001339 seconds.
Begin MonoManager ReloadAssembly
Native extension for WindowsStandalone target not found
Native extension for WebGL target not found
Refreshing native plugins compatible for Editor in 0.27 ms, found 2 plugins.
Preloading 0 native plugins for Editor in 0.00 ms.
Mono: successfully reloaded assembly
- Completed reload, in  0.569 seconds
Domain Reload Profiling:
	ReloadAssembly (570ms)
		BeginReloadAssembly (71ms)
			ExecutionOrderSort (0ms)
			DisableScriptedObjects (3ms)
			BackupInstance (0ms)
			ReleaseScriptingObjects (0ms)
			CreateAndSetChildDomain (21ms)
		EndReloadAssembly (459ms)
			LoadAssemblies (51ms)
			RebuildTransferFunctionScriptingTraits (0ms)
			SetupTypeCache (147ms)
			ReleaseScriptCaches (1ms)
			RebuildScriptCaches (21ms)
			SetupLoadedEditorAssemblies (183ms)
				LogAssemblyErrors (0ms)
				InitializePlatformSupportModulesInManaged (4ms)
				SetLoadedEditorAssemblies (0ms)
				RefreshPlugins (0ms)
				BeforeProcessingInitializeOnLoad (43ms)
				ProcessInitializeOnLoadAttributes (129ms)
				ProcessInitializeOnLoadMethodAttributes (3ms)
				AfterProcessingInitializeOnLoad (4ms)
				EditorAssembliesLoaded (0ms)
			ExecutionOrderSort2 (0ms)
			AwakeInstancesAfterBackupRestoration (5ms)
Platform modules already initialized, skipping
Refreshing native plugins compatible for Editor in 0.20 ms, found 2 plugins.
Preloading 0 native plugins for Editor in 0.00 ms.
Unloading 1318 Unused Serialized files (Serialized files now loaded: 0)
System memory in use before: 67.9 MB.
System memory in use after: 68.0 MB.

Unloading 11 unused Assets to reduce memory usage. Loaded Objects now: 1964.
Total: 1.682800 ms (FindLiveObjects: 0.147900 ms CreateObjectMapping: 0.031400 ms MarkObjects: 1.490300 ms  DeleteObjects: 0.012400 ms)

AssetImportParameters requested are different than current active one (requested -> active):
  custom:framework-win-MediaFoundation: 216162199b28c13a410421893ffa2e32 -> 
  custom:video-decoder-ogg-theora: a1e56fd34408186e4bbccfd4996cb3dc -> 
  custom:container-muxer-webm: aa71ff27fc2769a1b78a27578f13a17b -> 
  custom:container-demuxer-webm: 4f35f7cbe854078d1ac9338744f61a02 -> 
  custom:container-demuxer-ogg: 62fdf1f143b41e24485cea50d1cbac27 -> 
  custom:video-encoder-webm-vp8: eb34c28f22e8b96e1ab97ce403110664 -> 
  custom:video-codec-MediaFoundation-h265: 746d11721c4dcdbdad8f713fa42b33f4 -> 
  custom:video-decoder-webm-vp8: 9c59270c3fd7afecdb556c50c9e8de78 -> 
  custom:audio-decoder-ogg-vorbis: bf7c407c2cedff20999df2af8eb42d56 -> 
  custom:audio-encoder-webm-vorbis: bf7c407c2cedff20999df2af8eb42d56 -> 
========================================================================
Received Prepare
Registering precompiled user dll's ...
Registered in 0.001425 seconds.
Begin MonoManager ReloadAssembly
Native extension for WindowsStandalone target not found
Native extension for WebGL target not found
Refreshing native plugins compatible for Editor in 0.27 ms, found 2 plugins.
Preloading 0 native plugins for Editor in 0.00 ms.
Mono: successfully reloaded assembly
- Completed reload, in  0.562 seconds
Domain Reload Profiling:
	ReloadAssembly (562ms)
		BeginReloadAssembly (76ms)
			ExecutionOrderSort (0ms)
			DisableScriptedObjects (3ms)
			BackupInstance (0ms)
			ReleaseScriptingObjects (0ms)
			CreateAndSetChildDomain (22ms)
		EndReloadAssembly (448ms)
			LoadAssemblies (49ms)
			RebuildTransferFunctionScriptingTraits (0ms)
			SetupTypeCache (147ms)
			ReleaseScriptCaches (1ms)
			RebuildScriptCaches (24ms)
			SetupLoadedEditorAssemblies (174ms)
				LogAssemblyErrors (0ms)
				InitializePlatformSupportModulesInManaged (4ms)
				SetLoadedEditorAssemblies (0ms)
				RefreshPlugins (0ms)
				BeforeProcessingInitializeOnLoad (42ms)
				ProcessInitializeOnLoadAttributes (121ms)
				ProcessInitializeOnLoadMethodAttributes (2ms)
				AfterProcessingInitializeOnLoad (4ms)
				EditorAssembliesLoaded (0ms)
			ExecutionOrderSort2 (0ms)
			AwakeInstancesAfterBackupRestoration (4ms)
Platform modules already initialized, skipping
Refreshing native plugins compatible for Editor in 0.13 ms, found 2 plugins.
Preloading 0 native plugins for Editor in 0.00 ms.
Unloading 1318 Unused Serialized files (Serialized files now loaded: 0)
System memory in use before: 67.9 MB.
System memory in use after: 68.0 MB.

Unloading 11 unused Assets to reduce memory usage. Loaded Objects now: 1967.
Total: 1.346500 ms (FindLiveObjects: 0.127200 ms CreateObjectMapping: 0.029600 ms MarkObjects: 1.177300 ms  DeleteObjects: 0.011600 ms)

AssetImportParameters requested are different than current active one (requested -> active):
  custom:framework-win-MediaFoundation: 216162199b28c13a410421893ffa2e32 -> 
  custom:video-decoder-ogg-theora: a1e56fd34408186e4bbccfd4996cb3dc -> 
  custom:container-muxer-webm: aa71ff27fc2769a1b78a27578f13a17b -> 
  custom:container-demuxer-webm: 4f35f7cbe854078d1ac9338744f61a02 -> 
  custom:container-demuxer-ogg: 62fdf1f143b41e24485cea50d1cbac27 -> 
  custom:video-encoder-webm-vp8: eb34c28f22e8b96e1ab97ce403110664 -> 
  custom:video-codec-MediaFoundation-h265: 746d11721c4dcdbdad8f713fa42b33f4 -> 
  custom:video-decoder-webm-vp8: 9c59270c3fd7afecdb556c50c9e8de78 -> 
  custom:audio-decoder-ogg-vorbis: bf7c407c2cedff20999df2af8eb42d56 -> 
  custom:audio-encoder-webm-vorbis: bf7c407c2cedff20999df2af8eb42d56 -> 
========================================================================
Received Prepare
Registering precompiled user dll's ...
Registered in 0.001727 seconds.
Begin MonoManager ReloadAssembly
Native extension for WindowsStandalone target not found
Native extension for WebGL target not found
Refreshing native plugins compatible for Editor in 0.27 ms, found 2 plugins.
Preloading 0 native plugins for Editor in 0.00 ms.
Mono: successfully reloaded assembly
- Completed reload, in  0.693 seconds
Domain Reload Profiling:
	ReloadAssembly (693ms)
		BeginReloadAssembly (123ms)
			ExecutionOrderSort (0ms)
			DisableScriptedObjects (4ms)
			BackupInstance (0ms)
			ReleaseScriptingObjects (0ms)
			CreateAndSetChildDomain (33ms)
		EndReloadAssembly (501ms)
			LoadAssemblies (82ms)
			RebuildTransferFunctionScriptingTraits (0ms)
			SetupTypeCache (174ms)
			ReleaseScriptCaches (1ms)
			RebuildScriptCaches (22ms)
			SetupLoadedEditorAssemblies (184ms)
				LogAssemblyErrors (0ms)
				InitializePlatformSupportModulesInManaged (4ms)
				SetLoadedEditorAssemblies (0ms)
				RefreshPlugins (0ms)
				BeforeProcessingInitializeOnLoad (44ms)
				ProcessInitializeOnLoadAttributes (129ms)
				ProcessInitializeOnLoadMethodAttributes (3ms)
				AfterProcessingInitializeOnLoad (4ms)
				EditorAssembliesLoaded (0ms)
			ExecutionOrderSort2 (0ms)
			AwakeInstancesAfterBackupRestoration (5ms)
Platform modules already initialized, skipping
Refreshing native plugins compatible for Editor in 0.23 ms, found 2 plugins.
Preloading 0 native plugins for Editor in 0.00 ms.
Unloading 1318 Unused Serialized files (Serialized files now loaded: 0)
System memory in use before: 67.9 MB.
System memory in use after: 68.0 MB.

Unloading 11 unused Assets to reduce memory usage. Loaded Objects now: 1970.
Total: 1.519400 ms (FindLiveObjects: 0.127300 ms CreateObjectMapping: 0.029200 ms MarkObjects: 1.348700 ms  DeleteObjects: 0.013500 ms)

AssetImportParameters requested are different than current active one (requested -> active):
  custom:framework-win-MediaFoundation: 216162199b28c13a410421893ffa2e32 -> 
  custom:video-decoder-ogg-theora: a1e56fd34408186e4bbccfd4996cb3dc -> 
  custom:container-muxer-webm: aa71ff27fc2769a1b78a27578f13a17b -> 
  custom:container-demuxer-webm: 4f35f7cbe854078d1ac9338744f61a02 -> 
  custom:container-demuxer-ogg: 62fdf1f143b41e24485cea50d1cbac27 -> 
  custom:video-encoder-webm-vp8: eb34c28f22e8b96e1ab97ce403110664 -> 
  custom:video-codec-MediaFoundation-h265: 746d11721c4dcdbdad8f713fa42b33f4 -> 
  custom:video-decoder-webm-vp8: 9c59270c3fd7afecdb556c50c9e8de78 -> 
  custom:audio-decoder-ogg-vorbis: bf7c407c2cedff20999df2af8eb42d56 -> 
  custom:audio-encoder-webm-vorbis: bf7c407c2cedff20999df2af8eb42d56 -> 
========================================================================
Received Prepare
Registering precompiled user dll's ...
Registered in 0.001643 seconds.
Begin MonoManager ReloadAssembly
Native extension for WindowsStandalone target not found
Native extension for WebGL target not found
Refreshing native plugins compatible for Editor in 0.33 ms, found 2 plugins.
Preloading 0 native plugins for Editor in 0.00 ms.
Mono: successfully reloaded assembly
- Completed reload, in  0.661 seconds
Domain Reload Profiling:
	ReloadAssembly (661ms)
		BeginReloadAssembly (94ms)
			ExecutionOrderSort (0ms)
			DisableScriptedObjects (3ms)
			BackupInstance (0ms)
			ReleaseScriptingObjects (0ms)
			CreateAndSetChildDomain (26ms)
		EndReloadAssembly (520ms)
			LoadAssemblies (59ms)
			RebuildTransferFunctionScriptingTraits (0ms)
			SetupTypeCache (186ms)
			ReleaseScriptCaches (1ms)
			RebuildScriptCaches (24ms)
			SetupLoadedEditorAssemblies (192ms)
				LogAssemblyErrors (0ms)
				InitializePlatformSupportModulesInManaged (5ms)
				SetLoadedEditorAssemblies (0ms)
				RefreshPlugins (0ms)
				BeforeProcessingInitializeOnLoad (47ms)
				ProcessInitializeOnLoadAttributes (133ms)
				ProcessInitializeOnLoadMethodAttributes (3ms)
				AfterProcessingInitializeOnLoad (4ms)
				EditorAssembliesLoaded (0ms)
			ExecutionOrderSort2 (0ms)
			AwakeInstancesAfterBackupRestoration (5ms)
Platform modules already initialized, skipping
Refreshing native plugins compatible for Editor in 0.25 ms, found 2 plugins.
Preloading 0 native plugins for Editor in 0.00 ms.
Unloading 1318 Unused Serialized files (Serialized files now loaded: 0)
System memory in use before: 67.9 MB.
System memory in use after: 68.0 MB.

Unloading 11 unused Assets to reduce memory usage. Loaded Objects now: 1973.
Total: 1.760900 ms (FindLiveObjects: 0.144300 ms CreateObjectMapping: 0.040300 ms MarkObjects: 1.557400 ms  DeleteObjects: 0.018300 ms)

AssetImportParameters requested are different than current active one (requested -> active):
  custom:framework-win-MediaFoundation: 216162199b28c13a410421893ffa2e32 -> 
  custom:video-decoder-ogg-theora: a1e56fd34408186e4bbccfd4996cb3dc -> 
  custom:container-muxer-webm: aa71ff27fc2769a1b78a27578f13a17b -> 
  custom:container-demuxer-webm: 4f35f7cbe854078d1ac9338744f61a02 -> 
  custom:container-demuxer-ogg: 62fdf1f143b41e24485cea50d1cbac27 -> 
  custom:video-encoder-webm-vp8: eb34c28f22e8b96e1ab97ce403110664 -> 
  custom:video-codec-MediaFoundation-h265: 746d11721c4dcdbdad8f713fa42b33f4 -> 
  custom:video-decoder-webm-vp8: 9c59270c3fd7afecdb556c50c9e8de78 -> 
  custom:audio-decoder-ogg-vorbis: bf7c407c2cedff20999df2af8eb42d56 -> 
  custom:audio-encoder-webm-vorbis: bf7c407c2cedff20999df2af8eb42d56 -> 
========================================================================
Received Prepare
Registering precompiled user dll's ...
Registered in 0.001497 seconds.
Begin MonoManager ReloadAssembly
Native extension for WindowsStandalone target not found
Native extension for WebGL target not found
Refreshing native plugins compatible for Editor in 0.27 ms, found 2 plugins.
Preloading 0 native plugins for Editor in 0.00 ms.
Mono: successfully reloaded assembly
- Completed reload, in  0.659 seconds
Domain Reload Profiling:
	ReloadAssembly (659ms)
		BeginReloadAssembly (113ms)
			ExecutionOrderSort (0ms)
			DisableScriptedObjects (5ms)
			BackupInstance (0ms)
			ReleaseScriptingObjects (0ms)
			CreateAndSetChildDomain (31ms)
		EndReloadAssembly (483ms)
			LoadAssemblies (66ms)
			RebuildTransferFunctionScriptingTraits (0ms)
			SetupTypeCache (159ms)
			ReleaseScriptCaches (1ms)
			RebuildScriptCaches (25ms)
			SetupLoadedEditorAssemblies (185ms)
				LogAssemblyErrors (0ms)
				InitializePlatformSupportModulesInManaged (4ms)
				SetLoadedEditorAssemblies (0ms)
				RefreshPlugins (0ms)
				BeforeProcessingInitializeOnLoad (44ms)
				ProcessInitializeOnLoadAttributes (129ms)
				ProcessInitializeOnLoadMethodAttributes (2ms)
				AfterProcessingInitializeOnLoad (5ms)
				EditorAssembliesLoaded (0ms)
			ExecutionOrderSort2 (0ms)
			AwakeInstancesAfterBackupRestoration (5ms)
Platform modules already initialized, skipping
Refreshing native plugins compatible for Editor in 0.18 ms, found 2 plugins.
Preloading 0 native plugins for Editor in 0.00 ms.
Unloading 1318 Unused Serialized files (Serialized files now loaded: 0)
System memory in use before: 67.9 MB.
System memory in use after: 68.0 MB.

Unloading 11 unused Assets to reduce memory usage. Loaded Objects now: 1976.
Total: 1.654900 ms (FindLiveObjects: 0.130900 ms CreateObjectMapping: 0.037800 ms MarkObjects: 1.471400 ms  DeleteObjects: 0.014200 ms)

AssetImportParameters requested are different than current active one (requested -> active):
  custom:framework-win-MediaFoundation: 216162199b28c13a410421893ffa2e32 -> 
  custom:video-decoder-ogg-theora: a1e56fd34408186e4bbccfd4996cb3dc -> 
  custom:container-muxer-webm: aa71ff27fc2769a1b78a27578f13a17b -> 
  custom:container-demuxer-webm: 4f35f7cbe854078d1ac9338744f61a02 -> 
  custom:container-demuxer-ogg: 62fdf1f143b41e24485cea50d1cbac27 -> 
  custom:video-encoder-webm-vp8: eb34c28f22e8b96e1ab97ce403110664 -> 
  custom:video-codec-MediaFoundation-h265: 746d11721c4dcdbdad8f713fa42b33f4 -> 
  custom:video-decoder-webm-vp8: 9c59270c3fd7afecdb556c50c9e8de78 -> 
  custom:audio-decoder-ogg-vorbis: bf7c407c2cedff20999df2af8eb42d56 -> 
  custom:audio-encoder-webm-vorbis: bf7c407c2cedff20999df2af8eb42d56 -> 
========================================================================
Received Prepare
Registering precompiled user dll's ...
Registered in 0.001738 seconds.
Begin MonoManager ReloadAssembly
Native extension for WindowsStandalone target not found
Native extension for WebGL target not found
Refreshing native plugins compatible for Editor in 0.32 ms, found 2 plugins.
Preloading 0 native plugins for Editor in 0.00 ms.
Mono: successfully reloaded assembly
- Completed reload, in  0.673 seconds
Domain Reload Profiling:
	ReloadAssembly (673ms)
		BeginReloadAssembly (90ms)
			ExecutionOrderSort (0ms)
			DisableScriptedObjects (3ms)
			BackupInstance (0ms)
			ReleaseScriptingObjects (0ms)
			CreateAndSetChildDomain (24ms)
		EndReloadAssembly (532ms)
			LoadAssemblies (65ms)
			RebuildTransferFunctionScriptingTraits (0ms)
			SetupTypeCache (181ms)
			ReleaseScriptCaches (1ms)
			RebuildScriptCaches (25ms)
			SetupLoadedEditorAssemblies (202ms)
				LogAssemblyErrors (0ms)
				InitializePlatformSupportModulesInManaged (4ms)
				SetLoadedEditorAssemblies (0ms)
				RefreshPlugins (0ms)
				BeforeProcessingInitializeOnLoad (48ms)
				ProcessInitializeOnLoadAttributes (141ms)
				ProcessInitializeOnLoadMethodAttributes (3ms)
				AfterProcessingInitializeOnLoad (5ms)
				EditorAssembliesLoaded (0ms)
			ExecutionOrderSort2 (0ms)
			AwakeInstancesAfterBackupRestoration (6ms)
Platform modules already initialized, skipping
Refreshing native plugins compatible for Editor in 0.28 ms, found 2 plugins.
Preloading 0 native plugins for Editor in 0.00 ms.
Unloading 1318 Unused Serialized files (Serialized files now loaded: 0)
System memory in use before: 67.9 MB.
System memory in use after: 68.0 MB.

Unloading 11 unused Assets to reduce memory usage. Loaded Objects now: 1979.
Total: 1.959500 ms (FindLiveObjects: 0.220400 ms CreateObjectMapping: 0.032200 ms MarkObjects: 1.690000 ms  DeleteObjects: 0.016100 ms)

AssetImportParameters requested are different than current active one (requested -> active):
  custom:framework-win-MediaFoundation: 216162199b28c13a410421893ffa2e32 -> 
  custom:video-decoder-ogg-theora: a1e56fd34408186e4bbccfd4996cb3dc -> 
  custom:container-muxer-webm: aa71ff27fc2769a1b78a27578f13a17b -> 
  custom:container-demuxer-webm: 4f35f7cbe854078d1ac9338744f61a02 -> 
  custom:container-demuxer-ogg: 62fdf1f143b41e24485cea50d1cbac27 -> 
  custom:video-encoder-webm-vp8: eb34c28f22e8b96e1ab97ce403110664 -> 
  custom:video-codec-MediaFoundation-h265: 746d11721c4dcdbdad8f713fa42b33f4 -> 
  custom:video-decoder-webm-vp8: 9c59270c3fd7afecdb556c50c9e8de78 -> 
  custom:audio-decoder-ogg-vorbis: bf7c407c2cedff20999df2af8eb42d56 -> 
  custom:audio-encoder-webm-vorbis: bf7c407c2cedff20999df2af8eb42d56 -> 
========================================================================
Received Prepare
Registering precompiled user dll's ...
Registered in 0.001589 seconds.
Begin MonoManager ReloadAssembly
Native extension for WindowsStandalone target not found
Native extension for WebGL target not found
Refreshing native plugins compatible for Editor in 0.31 ms, found 2 plugins.
Preloading 0 native plugins for Editor in 0.00 ms.
Mono: successfully reloaded assembly
- Completed reload, in  0.692 seconds
Domain Reload Profiling:
	ReloadAssembly (693ms)
		BeginReloadAssembly (86ms)
			ExecutionOrderSort (0ms)
			DisableScriptedObjects (3ms)
			BackupInstance (0ms)
			ReleaseScriptingObjects (0ms)
			CreateAndSetChildDomain (23ms)
		EndReloadAssembly (558ms)
			LoadAssemblies (60ms)
			RebuildTransferFunctionScriptingTraits (0ms)
			SetupTypeCache (180ms)
			ReleaseScriptCaches (1ms)
			RebuildScriptCaches (25ms)
			SetupLoadedEditorAssemblies (227ms)
				LogAssemblyErrors (0ms)
				InitializePlatformSupportModulesInManaged (5ms)
				SetLoadedEditorAssemblies (0ms)
				RefreshPlugins (0ms)
				BeforeProcessingInitializeOnLoad (50ms)
				ProcessInitializeOnLoadAttributes (163ms)
				ProcessInitializeOnLoadMethodAttributes (3ms)
				AfterProcessingInitializeOnLoad (5ms)
				EditorAssembliesLoaded (0ms)
			ExecutionOrderSort2 (0ms)
			AwakeInstancesAfterBackupRestoration (8ms)
Platform modules already initialized, skipping
Refreshing native plugins compatible for Editor in 0.29 ms, found 2 plugins.
Preloading 0 native plugins for Editor in 0.00 ms.
Unloading 1318 Unused Serialized files (Serialized files now loaded: 0)
System memory in use before: 67.9 MB.
System memory in use after: 68.0 MB.

Unloading 11 unused Assets to reduce memory usage. Loaded Objects now: 1982.
Total: 1.823900 ms (FindLiveObjects: 0.149300 ms CreateObjectMapping: 0.041600 ms MarkObjects: 1.614800 ms  DeleteObjects: 0.017200 ms)

AssetImportParameters requested are different than current active one (requested -> active):
  custom:framework-win-MediaFoundation: 216162199b28c13a410421893ffa2e32 -> 
  custom:video-decoder-ogg-theora: a1e56fd34408186e4bbccfd4996cb3dc -> 
  custom:container-muxer-webm: aa71ff27fc2769a1b78a27578f13a17b -> 
  custom:container-demuxer-webm: 4f35f7cbe854078d1ac9338744f61a02 -> 
  custom:container-demuxer-ogg: 62fdf1f143b41e24485cea50d1cbac27 -> 
  custom:video-encoder-webm-vp8: eb34c28f22e8b96e1ab97ce403110664 -> 
  custom:video-codec-MediaFoundation-h265: 746d11721c4dcdbdad8f713fa42b33f4 -> 
  custom:video-decoder-webm-vp8: 9c59270c3fd7afecdb556c50c9e8de78 -> 
  custom:audio-decoder-ogg-vorbis: bf7c407c2cedff20999df2af8eb42d56 -> 
  custom:audio-encoder-webm-vorbis: bf7c407c2cedff20999df2af8eb42d56 -> 
========================================================================
Received Prepare
Registering precompiled user dll's ...
Registered in 0.001682 seconds.
Begin MonoManager ReloadAssembly
Native extension for WindowsStandalone target not found
Native extension for WebGL target not found
Refreshing native plugins compatible for Editor in 0.28 ms, found 2 plugins.
Preloading 0 native plugins for Editor in 0.00 ms.
Mono: successfully reloaded assembly
- Completed reload, in  0.654 seconds
Domain Reload Profiling:
	ReloadAssembly (654ms)
		BeginReloadAssembly (110ms)
			ExecutionOrderSort (0ms)
			DisableScriptedObjects (3ms)
			BackupInstance (0ms)
			ReleaseScriptingObjects (0ms)
			CreateAndSetChildDomain (33ms)
		EndReloadAssembly (490ms)
			LoadAssemblies (68ms)
			RebuildTransferFunctionScriptingTraits (0ms)
			SetupTypeCache (170ms)
			ReleaseScriptCaches (1ms)
			RebuildScriptCaches (21ms)
			SetupLoadedEditorAssemblies (182ms)
				LogAssemblyErrors (0ms)
				InitializePlatformSupportModulesInManaged (4ms)
				SetLoadedEditorAssemblies (0ms)
				RefreshPlugins (0ms)
				BeforeProcessingInitializeOnLoad (45ms)
				ProcessInitializeOnLoadAttributes (126ms)
				ProcessInitializeOnLoadMethodAttributes (2ms)
				AfterProcessingInitializeOnLoad (4ms)
				EditorAssembliesLoaded (0ms)
			ExecutionOrderSort2 (0ms)
			AwakeInstancesAfterBackupRestoration (5ms)
Platform modules already initialized, skipping
Refreshing native plugins compatible for Editor in 0.26 ms, found 2 plugins.
Preloading 0 native plugins for Editor in 0.00 ms.
Unloading 1318 Unused Serialized files (Serialized files now loaded: 0)
System memory in use before: 67.9 MB.
System memory in use after: 68.0 MB.

Unloading 11 unused Assets to reduce memory usage. Loaded Objects now: 1985.
Total: 1.673600 ms (FindLiveObjects: 0.141900 ms CreateObjectMapping: 0.036300 ms MarkObjects: 1.479900 ms  DeleteObjects: 0.014800 ms)

AssetImportParameters requested are different than current active one (requested -> active):
  custom:framework-win-MediaFoundation: 216162199b28c13a410421893ffa2e32 -> 
  custom:video-decoder-ogg-theora: a1e56fd34408186e4bbccfd4996cb3dc -> 
  custom:container-muxer-webm: aa71ff27fc2769a1b78a27578f13a17b -> 
  custom:container-demuxer-webm: 4f35f7cbe854078d1ac9338744f61a02 -> 
  custom:container-demuxer-ogg: 62fdf1f143b41e24485cea50d1cbac27 -> 
  custom:video-encoder-webm-vp8: eb34c28f22e8b96e1ab97ce403110664 -> 
  custom:video-codec-MediaFoundation-h265: 746d11721c4dcdbdad8f713fa42b33f4 -> 
  custom:video-decoder-webm-vp8: 9c59270c3fd7afecdb556c50c9e8de78 -> 
  custom:audio-decoder-ogg-vorbis: bf7c407c2cedff20999df2af8eb42d56 -> 
  custom:audio-encoder-webm-vorbis: bf7c407c2cedff20999df2af8eb42d56 -> 
========================================================================
Received Prepare
Registering precompiled user dll's ...
Registered in 0.001524 seconds.
Begin MonoManager ReloadAssembly
Native extension for WindowsStandalone target not found
Native extension for WebGL target not found
Refreshing native plugins compatible for Editor in 0.29 ms, found 2 plugins.
Preloading 0 native plugins for Editor in 0.00 ms.
Mono: successfully reloaded assembly
- Completed reload, in  0.627 seconds
Domain Reload Profiling:
	ReloadAssembly (628ms)
		BeginReloadAssembly (79ms)
			ExecutionOrderSort (0ms)
			DisableScriptedObjects (3ms)
			BackupInstance (0ms)
			ReleaseScriptingObjects (0ms)
			CreateAndSetChildDomain (24ms)
		EndReloadAssembly (506ms)
			LoadAssemblies (53ms)
			RebuildTransferFunctionScriptingTraits (0ms)
			SetupTypeCache (167ms)
			ReleaseScriptCaches (1ms)
			RebuildScriptCaches (25ms)
			SetupLoadedEditorAssemblies (198ms)
				LogAssemblyErrors (0ms)
				InitializePlatformSupportModulesInManaged (4ms)
				SetLoadedEditorAssemblies (0ms)
				RefreshPlugins (0ms)
				BeforeProcessingInitializeOnLoad (46ms)
				ProcessInitializeOnLoadAttributes (140ms)
				ProcessInitializeOnLoadMethodAttributes (3ms)
				AfterProcessingInitializeOnLoad (4ms)
				EditorAssembliesLoaded (0ms)
			ExecutionOrderSort2 (0ms)
			AwakeInstancesAfterBackupRestoration (5ms)
Platform modules already initialized, skipping
Refreshing native plugins compatible for Editor in 0.27 ms, found 2 plugins.
Preloading 0 native plugins for Editor in 0.00 ms.
Unloading 1318 Unused Serialized files (Serialized files now loaded: 0)
System memory in use before: 67.9 MB.
System memory in use after: 68.0 MB.

Unloading 11 unused Assets to reduce memory usage. Loaded Objects now: 1988.
Total: 1.743900 ms (FindLiveObjects: 0.156500 ms CreateObjectMapping: 0.029800 ms MarkObjects: 1.542300 ms  DeleteObjects: 0.014800 ms)

AssetImportParameters requested are different than current active one (requested -> active):
  custom:framework-win-MediaFoundation: 216162199b28c13a410421893ffa2e32 -> 
  custom:video-decoder-ogg-theora: a1e56fd34408186e4bbccfd4996cb3dc -> 
  custom:container-muxer-webm: aa71ff27fc2769a1b78a27578f13a17b -> 
  custom:container-demuxer-webm: 4f35f7cbe854078d1ac9338744f61a02 -> 
  custom:container-demuxer-ogg: 62fdf1f143b41e24485cea50d1cbac27 -> 
  custom:video-encoder-webm-vp8: eb34c28f22e8b96e1ab97ce403110664 -> 
  custom:video-codec-MediaFoundation-h265: 746d11721c4dcdbdad8f713fa42b33f4 -> 
  custom:video-decoder-webm-vp8: 9c59270c3fd7afecdb556c50c9e8de78 -> 
  custom:audio-decoder-ogg-vorbis: bf7c407c2cedff20999df2af8eb42d56 -> 
  custom:audio-encoder-webm-vorbis: bf7c407c2cedff20999df2af8eb42d56 -> 
